<?xml version="1.0" encoding="utf-8"?>
<puzzle>
<resId>200310021</resId>
<version>1</version>
<name>宁宁C8-1</name>
<iconPath>thumbnail1.post</iconPath>
<width>1000</width>
<height>1500</height>
<photoAmount>1</photoAmount>
<formatAmount>1</formatAmount>
<backgroundColor/>
<backgroundImagePath>bg.post</backgroundImagePath>
<backgroundTile>false</backgroundTile>
<photoPuzzlePieces>
<photoPuzzle>
<maskPath>mask1.post</maskPath>
<filterPath/>
<backgroundImagePath/>
<backgroundImageInnerFrame/>
<frameRectArray>
<frameRect>{{0,340},{936,1009}}</frameRect>
</frameRectArray>
</photoPuzzle>
</photoPuzzlePieces>
<imagePuzzlePieces/>
<textPuzzlePieces>
<textPuzzle>
<type>0</type>
<text>A PERSON'S TRAVEL</text>
<format/>
<language/>
<align>1</align>
<caseString>0</caseString>
<editable>true</editable>
<useCustomFont>false</useCustomFont>
<font>Didot</font>
<fontTextImagePath/>
<maximumFontSize>48.610000</maximumFontSize>
<minimumFontSize>20.000000</minimumFontSize>
<color>#3c3c39FF</color>
<isShadow>false</isShadow>
<shadowOffset/>
<shadowColor/>
<maxCount>28</maxCount>
<frameRectArray>
<frameRect>{{132,166},{738,44}}</frameRect>
</frameRectArray>
</textPuzzle>
</textPuzzlePieces>
</puzzle>
