<?xml version="1.0" encoding="utf-8"?>
<puzzle>
<resId>200130010</resId>
<version>1</version>
<name>lee7</name>
<iconPath>thumbnail.post</iconPath>
<width>800</width>
<height>1200</height>
<photoAmount>3</photoAmount>
<formatAmount>1</formatAmount>
<backgroundColor/>
<backgroundImagePath>bg.post</backgroundImagePath>
<backgroundTile>false</backgroundTile>
<photoPuzzlePieces>
<photoPuzzle>
<maskPath>mask3.post</maskPath>
<filterPath/>
<backgroundImagePath>block_bg3.post</backgroundImagePath>
<backgroundImageInnerFrame>{{-29,-36},{748,451}}</backgroundImageInnerFrame>
<frameRectArray>
<frameRect>{{71,678},{702,394}}</frameRect>
</frameRectArray>
</photoPuzzle>
<photoPuzzle>
<maskPath>mask2.post</maskPath>
<filterPath/>
<backgroundImagePath>block_bg2.post</backgroundImagePath>
<backgroundImageInnerFrame>{{-17,0},{768,391}}</backgroundImageInnerFrame>
<frameRectArray>
<frameRect>{{64,342},{729,375}}</frameRect>
</frameRectArray>
</photoPuzzle>
<photoPuzzle>
<maskPath>mask1.post</maskPath>
<filterPath/>
<backgroundImagePath>block_bg1.post</backgroundImagePath>
<backgroundImageInnerFrame>{{-19,0},{782,435}}</backgroundImageInnerFrame>
<frameRectArray>
<frameRect>{{37,0},{763,410}}</frameRect>
</frameRectArray>
</photoPuzzle>
</photoPuzzlePieces>
<imagePuzzlePieces/>
<textPuzzlePieces>
<textPuzzle>
<type>0</type>
<text>Love at first sight</text>
<format/>
<language/>
<align>0</align>
<caseString>0</caseString>
<editable>true</editable>
<font>Georgia</font>
<maximumFontSize>87.000000</maximumFontSize>
<minimumFontSize>72.000000</minimumFontSize>
<color>#be6212FF</color>
<isShadow>false</isShadow>
<shadowOffset/>
<shadowColor/>
<maxCount>22</maxCount>
<frameRectArray>
<frameRect>{{39,1011},{716,106}}</frameRect>
</frameRectArray>
</textPuzzle>
</textPuzzlePieces>
</puzzle>
