<?xml version="1.0" encoding="utf-8"?>
<puzzle>
<resId>200250024</resId>
<version>1</version>
<name>西瓜A2-5</name>
<iconPath>thumbnail.post</iconPath>
<width>800</width>
<height>1200</height>
<photoAmount>5</photoAmount>
<formatAmount>1</formatAmount>
<backgroundColor/>
<backgroundImagePath>bg.post</backgroundImagePath>
<backgroundTile>false</backgroundTile>
<photoPuzzlePieces>
<photoPuzzle>
<maskPath>mask5.post</maskPath>
<filterPath/>
<backgroundImagePath>block_bg5.post</backgroundImagePath>
<backgroundImageInnerFrame>{{-12,-10},{415,462}}</backgroundImageInnerFrame>
<frameRectArray>
<frameRect>{{390,690},{389,441}}</frameRect>
</frameRectArray>
</photoPuzzle>
<photoPuzzle>
<maskPath>mask3.post</maskPath>
<filterPath/>
<backgroundImagePath>block_bg3.post</backgroundImagePath>
<backgroundImageInnerFrame>{{-12,-12},{371,431}}</backgroundImageInnerFrame>
<frameRectArray>
<frameRect>{{400,52},{347,406}}</frameRect>
</frameRectArray>
</photoPuzzle>
<photoPuzzle>
<maskPath>mask2.post</maskPath>
<filterPath/>
<backgroundImagePath>block_bg2.post</backgroundImagePath>
<backgroundImageInnerFrame>{{-13,-10},{405,278}}</backgroundImageInnerFrame>
<frameRectArray>
<frameRect>{{408,443},{379,256}}</frameRect>
</frameRectArray>
</photoPuzzle>
<photoPuzzle>
<maskPath>mask1.post</maskPath>
<filterPath/>
<backgroundImagePath>block_bg1.post</backgroundImagePath>
<backgroundImageInnerFrame>{{-12,-10},{431,482}}</backgroundImageInnerFrame>
<frameRectArray>
<frameRect>{{12,255},{408,459}}</frameRect>
</frameRectArray>
</photoPuzzle>
<photoPuzzle>
<maskPath>mask4.post</maskPath>
<filterPath/>
<backgroundImagePath>block_bg4.post</backgroundImagePath>
<backgroundImageInnerFrame>{{-11,-10},{380,432}}</backgroundImageInnerFrame>
<frameRectArray>
<frameRect>{{39,719},{360,412}}</frameRect>
</frameRectArray>
</photoPuzzle>
</photoPuzzlePieces>
<imagePuzzlePieces>
<imagePuzzle>
<type>0</type>
<imagePath>img1.post</imagePath>
<weatherColor/>
<frameRectArray>
<frameRect>{{0,0},{405,272}}</frameRect>
</frameRectArray>
</imagePuzzle>
</imagePuzzlePieces>
<textPuzzlePieces/>
</puzzle>
