<?xml version="1.0" encoding="utf-8"?>
<puzzle>
<resId>200130040</resId>
<version>1</version>
<name>小哈B6-3</name>
<iconPath>thumbnail.post</iconPath>
<width>800</width>
<height>1200</height>
<photoAmount>3</photoAmount>
<formatAmount>1</formatAmount>
<backgroundColor/>
<backgroundImagePath>bg.post</backgroundImagePath>
<backgroundTile>false</backgroundTile>
<photoPuzzlePieces>
<photoPuzzle>
<maskPath/>
<filterPath/>
<backgroundImagePath/>
<backgroundImageInnerFrame/>
<frameRectArray>
<frameRect>{{403,745},{324,382}}</frameRect>
</frameRectArray>
</photoPuzzle>
<photoPuzzle>
<maskPath/>
<filterPath/>
<backgroundImagePath/>
<backgroundImageInnerFrame/>
<frameRectArray>
<frameRect>{{71,745},{324,382}}</frameRect>
</frameRectArray>
</photoPuzzle>
<photoPuzzle>
<maskPath/>
<filterPath/>
<backgroundImagePath/>
<backgroundImageInnerFrame/>
<frameRectArray>
<frameRect>{{71,353},{656,385}}</frameRect>
</frameRectArray>
</photoPuzzle>
</photoPuzzlePieces>
<imagePuzzlePieces/>
<textPuzzlePieces>
<textPuzzle>
<type>0</type>
<text>MERRY</text>
<format/>
<language/>
<align>1</align>
<caseString>0</caseString>
<editable>true</editable>
<font>Avenir-Black</font>
<maximumFontSize>76.000000</maximumFontSize>
<minimumFontSize>50.000000</minimumFontSize>
<color>#b41414FF</color>
<isShadow>false</isShadow>
<shadowOffset/>
<shadowColor/>
<maxCount>10</maxCount>
<frameRectArray>
<frameRect>{{261,82},{272,83}}</frameRect>
</frameRectArray>
</textPuzzle>
<textPuzzle>
<type>0</type>
<text>X’MAS</text>
<format/>
<language/>
<align>1</align>
<caseString>0</caseString>
<editable>true</editable>
<font>Avenir-Black</font>
<maximumFontSize>76.000000</maximumFontSize>
<minimumFontSize>50.000000</minimumFontSize>
<color>#b41414FF</color>
<isShadow>false</isShadow>
<shadowOffset/>
<shadowColor/>
<maxCount>10</maxCount>
<frameRectArray>
<frameRect>{{260,192},{273,80}}</frameRect>
</frameRectArray>
</textPuzzle>
</textPuzzlePieces>
</puzzle>
