<?xml version="1.0" encoding="utf-8"?>
<puzzle>
<resId>200340020</resId>
<version>1</version>
<name>桃子c9-4</name>
<iconPath>thumbnail.post</iconPath>
<width>1000</width>
<height>1500</height>
<photoAmount>4</photoAmount>
<formatAmount>1</formatAmount>
<backgroundColor/>
<backgroundImagePath>bg.post</backgroundImagePath>
<backgroundTile>false</backgroundTile>
<photoPuzzlePieces>
<photoPuzzle>
<maskPath/>
<filterPath/>
<backgroundImagePath/>
<backgroundImageInnerFrame/>
<frameRectArray>
<frameRect>{{521,1004},{479,425}}</frameRect>
</frameRectArray>
</photoPuzzle>
<photoPuzzle>
<maskPath/>
<filterPath/>
<backgroundImagePath/>
<backgroundImageInnerFrame/>
<frameRectArray>
<frameRect>{{0,807},{492,623}}</frameRect>
</frameRectArray>
</photoPuzzle>
<photoPuzzle>
<maskPath/>
<filterPath/>
<backgroundImagePath/>
<backgroundImageInnerFrame/>
<frameRectArray>
<frameRect>{{520,359},{480,618}}</frameRect>
</frameRectArray>
</photoPuzzle>
<photoPuzzle>
<maskPath/>
<filterPath/>
<backgroundImagePath/>
<backgroundImageInnerFrame/>
<frameRectArray>
<frameRect>{{0,358},{492,419}}</frameRect>
</frameRectArray>
</photoPuzzle>
</photoPuzzlePieces>
<imagePuzzlePieces/>
<textPuzzlePieces>
<textPuzzle>
<type>0</type>
<text>毕  业  旅  行</text>
<format/>
<language/>
<align>1</align>
<caseString>0</caseString>
<editable>true</editable>
<useCustomFont>true</useCustomFont>
<font>CloudruixiantiGB2.0</font>
<fontTextImagePath>font.post</fontTextImagePath>
<maximumFontSize>103.600000</maximumFontSize>
<minimumFontSize>45.000000</minimumFontSize>
<color>#737373FF</color>
<isShadow>false</isShadow>
<shadowOffset/>
<shadowColor/>
<maxCount>24</maxCount>
<frameRectArray>
<frameRect>{{210,138},{580,95}}</frameRect>
</frameRectArray>
</textPuzzle>
</textPuzzlePieces>
</puzzle>
