<?xml version="1.0" encoding="utf-8"?>
<puzzle>
<resId>200320009</resId>
<version>1</version>
<name>野味C3-2</name>
<iconPath>thumbnail.post</iconPath>
<width>1000</width>
<height>1500</height>
<photoAmount>2</photoAmount>
<formatAmount>1</formatAmount>
<backgroundColor/>
<backgroundImagePath/>
<backgroundTile>false</backgroundTile>
<photoPuzzlePieces>
<photoPuzzle>
<maskPath>mask1.post</maskPath>
<filterPath/>
<backgroundImagePath/>
<backgroundImageInnerFrame/>
<frameRectArray>
<frameRect>{{59,204},{524,524}}</frameRect>
</frameRectArray>
</photoPuzzle>
<photoPuzzle>
<maskPath>mask1.post</maskPath>
<filterPath/>
<backgroundImagePath/>
<backgroundImageInnerFrame/>
<frameRectArray>
<frameRect>{{415,601},{524,524}}</frameRect>
</frameRectArray>
</photoPuzzle>
</photoPuzzlePieces>
<imagePuzzlePieces>
<imagePuzzle>
<type>0</type>
<imagePath>img1.post</imagePath>
<weatherColor/>
<frameRectArray>
<frameRect>{{0,170},{1000,630}}</frameRect>
</frameRectArray>
</imagePuzzle>
<imagePuzzle>
<type>0</type>
<imagePath>img2.post</imagePath>
<weatherColor/>
<frameRectArray>
<frameRect>{{168,728},{216,72}}</frameRect>
</frameRectArray>
</imagePuzzle>
</imagePuzzlePieces>
<textPuzzlePieces>
<textPuzzle>
<type>0</type>
<text>旅行的意义</text>
<format/>
<language/>
<align>1</align>
<caseString>0</caseString>
<editable>true</editable>
<useCustomFont>true</useCustomFont>
<font>CloudruixiantiGB2.0</font>
<fontTextImagePath>font1.post</fontTextImagePath>
<maximumFontSize>56.000000</maximumFontSize>
<minimumFontSize>50.000000</minimumFontSize>
<color>#888888FF</color>
<isShadow>false</isShadow>
<shadowOffset/>
<shadowColor/>
<maxCount>14</maxCount>
<frameRectArray>
<frameRect>{{596,475},{339,70}}</frameRect>
</frameRectArray>
</textPuzzle>
</textPuzzlePieces>
</puzzle>
