<?xml version="1.0" encoding="utf-8"?>
<puzzle>
<resId>200230026</resId>
<version>1</version>
<name>番茄A1-3</name>
<iconPath>thumbnail.post</iconPath>
<width>800</width>
<height>1200</height>
<photoAmount>3</photoAmount>
<formatAmount>1</formatAmount>
<backgroundColor>#f1f3eeFF</backgroundColor>
<backgroundImagePath/>
<backgroundTile/>
<photoPuzzlePieces>
<photoPuzzle>
<maskPath>mask3.post</maskPath>
<filterPath>100007.FilterOnline</filterPath>
<backgroundImagePath/>
<backgroundImageInnerFrame/>
<frameRectArray>
<frameRect>{{0,603},{800,388}}</frameRect>
</frameRectArray>
</photoPuzzle>
<photoPuzzle>
<maskPath>mask2.post</maskPath>
<filterPath>100007.FilterOnline</filterPath>
<backgroundImagePath/>
<backgroundImageInnerFrame/>
<frameRectArray>
<frameRect>{{0,271},{800,347}}</frameRect>
</frameRectArray>
</photoPuzzle>
<photoPuzzle>
<maskPath>mask1.post</maskPath>
<filterPath>100007.FilterOnline</filterPath>
<backgroundImagePath/>
<backgroundImageInnerFrame/>
<frameRectArray>
<frameRect>{{0,0},{800,292}}</frameRect>
</frameRectArray>
</photoPuzzle>
</photoPuzzlePieces>
<imagePuzzlePieces>
<imagePuzzle>
<type>0</type>
<imagePath>img1.post</imagePath>
<weatherColor/>
<frameRectArray>
<frameRect>{{0,966},{800,234}}</frameRect>
</frameRectArray>
</imagePuzzle>
</imagePuzzlePieces>
<textPuzzlePieces>
<textPuzzle>
<type>4</type>
<text>{@}℃</text>
<format/>
<language/>
<align>1</align>
<caseString>0</caseString>
<editable>false</editable>
<font>Arial</font>
<maximumFontSize>29.000000</maximumFontSize>
<minimumFontSize>29.000000</minimumFontSize>
<color>#ffffffFF</color>
<isShadow>false</isShadow>
<shadowOffset/>
<shadowColor/>
<maxCount>0</maxCount>
<frameRectArray>
<frameRect>{{296,1030},{76,30}}</frameRect>
</frameRectArray>
</textPuzzle>
<textPuzzle>
<type>1</type>
<text>{@}</text>
<format>MM/dd</format>
<language>en_US</language>
<align>1</align>
<caseString>3</caseString>
<editable>true</editable>
<font>Arial</font>
<maximumFontSize>26.000000</maximumFontSize>
<minimumFontSize>26.000000</minimumFontSize>
<color>#ffffffFF</color>
<isShadow>false</isShadow>
<shadowOffset/>
<shadowColor/>
<maxCount>5</maxCount>
<frameRectArray>
<frameRect>{{298,1058},{76,28}}</frameRect>
</frameRectArray>
</textPuzzle>
</textPuzzlePieces>
</puzzle>
