<?xml version="1.0" encoding="utf-8"?>
<puzzle>
<resId>200110040</resId>
<version>1</version>
<name>宁宁A1.1-1</name>
<iconPath>thumbnail.post</iconPath>
<width>800</width>
<height>1200</height>
<photoAmount>1</photoAmount>
<formatAmount>1</formatAmount>
<backgroundColor>#FFFFFFFF</backgroundColor>
<backgroundImagePath/>
<backgroundTile/>
<photoPuzzlePieces>
<photoPuzzle>
<maskPath/>
<filterPath/>
<backgroundImagePath/>
<backgroundImageInnerFrame/>
<frameRectArray>
<frameRect>{{0,0},{800,1200}}</frameRect>
</frameRectArray>
</photoPuzzle>
</photoPuzzlePieces>
<imagePuzzlePieces>
<imagePuzzle>
<type>0</type>
<imagePath>img1.post</imagePath>
<weatherColor/>
<frameRectArray>
<frameRect>{{0,0},{800,1200}}</frameRect>
</frameRectArray>
</imagePuzzle>
</imagePuzzlePieces>
<textPuzzlePieces>
<textPuzzle>
<type>2</type>
<text>{@}</text>
<format>c4</format>
<language>en_US</language>
<align>2</align>
<caseString>1</caseString>
<editable>true</editable>
<font>Avenir-Black</font>
<maximumFontSize>36.000000</maximumFontSize>
<minimumFontSize>18.000000</minimumFontSize>
<color>#ffffffFF</color>
<isShadow>true</isShadow>
<shadowOffset>{1.000000,2.000000}</shadowOffset>
<shadowColor>#abb1b333</shadowColor>
<maxCount>20</maxCount>
<frameRectArray>
<frameRect>{{533,34},{250,36}}</frameRect>
</frameRectArray>
</textPuzzle>
<textPuzzle>
<type>1</type>
<text>{@}</text>
<format>MM/dd</format>
<language>en_US</language>
<align>2</align>
<caseString>3</caseString>
<editable>true</editable>
<font>Avenir-Black</font>
<maximumFontSize>36.000000</maximumFontSize>
<minimumFontSize>30.000000</minimumFontSize>
<color>#ffffffFF</color>
<isShadow>true</isShadow>
<shadowOffset>{1.000000,2.000000}</shadowOffset>
<shadowColor>#abb1b333</shadowColor>
<maxCount>6</maxCount>
<frameRectArray>
<frameRect>{{668,70},{115,37}}</frameRect>
</frameRectArray>
</textPuzzle>
</textPuzzlePieces>
</puzzle>
