<?xml version="1.0" encoding="utf-8"?>
<puzzle>
<resId>200210020</resId>
<version>1</version>
<name>林恬2-1</name>
<iconPath>thumbnail.post</iconPath>
<width>800</width>
<height>1200</height>
<photoAmount>1</photoAmount>
<formatAmount>1</formatAmount>
<backgroundColor>#dfdfdfFF</backgroundColor>
<backgroundImagePath/>
<backgroundTile/>
<photoPuzzlePieces>
<photoPuzzle>
<maskPath/>
<filterPath/>
<backgroundImagePath/>
<backgroundImageInnerFrame/>
<frameRectArray>
<frameRect>{{0,0},{800,1200}}</frameRect>
</frameRectArray>
</photoPuzzle>
</photoPuzzlePieces>
<imagePuzzlePieces>
<imagePuzzle>
<type>0</type>
<imagePath>img1.post</imagePath>
<weatherColor/>
<frameRectArray>
<frameRect>{{0,0},{800,264}}</frameRect>
</frameRectArray>
</imagePuzzle>
<imagePuzzle>
<type>0</type>
<imagePath>img2.post</imagePath>
<weatherColor/>
<frameRectArray>
<frameRect>{{324,1128},{162,72}}</frameRect>
</frameRectArray>
</imagePuzzle>
</imagePuzzlePieces>
<textPuzzlePieces>
<textPuzzle>
<type>1</type>
<text>{@}</text>
<format>EEEE</format>
<language>en_US</language>
<align>1</align>
<caseString>1</caseString>
<editable>true</editable>
<font>Arial</font>
<maximumFontSize>36.000000</maximumFontSize>
<minimumFontSize>36.000000</minimumFontSize>
<color>#ffffffFF</color>
<isShadow>false</isShadow>
<shadowOffset/>
<shadowColor/>
<maxCount>9</maxCount>
<frameRectArray>
<frameRect>{{240,1107},{333,40}}</frameRect>
</frameRectArray>
</textPuzzle>
</textPuzzlePieces>
</puzzle>
