<?xml version="1.0" encoding="utf-8"?>
<puzzle>
<resId>200310016</resId>
<version>1</version>
<name>陈渠 C7-1</name>
<iconPath>thumbnail.post</iconPath>
<width>1000</width>
<height>1500</height>
<photoAmount>1</photoAmount>
<formatAmount>1</formatAmount>
<backgroundColor/>
<backgroundImagePath>bg.post</backgroundImagePath>
<backgroundTile>false</backgroundTile>
<photoPuzzlePieces>
<photoPuzzle>
<maskPath/>
<filterPath/>
<backgroundImagePath/>
<backgroundImageInnerFrame/>
<frameRectArray>
<frameRect>{{88,87},{816,1083}}</frameRect>
</frameRectArray>
</photoPuzzle>
</photoPuzzlePieces>
<imagePuzzlePieces>
<imagePuzzle>
<type>0</type>
<imagePath>img1.post</imagePath>
<weatherColor/>
<frameRectArray>
<frameRect>{{0,0},{1000,1500}}</frameRect>
</frameRectArray>
</imagePuzzle>
</imagePuzzlePieces>
<textPuzzlePieces/>
</puzzle>
