<?xml version="1.0" encoding="utf-8"?>
<puzzle>
<resId>200250031</resId>
<version>1</version>
<name>林恬B5-5</name>
<iconPath>thumbnail.post</iconPath>
<width>800</width>
<height>1200</height>
<photoAmount>5</photoAmount>
<formatAmount>1</formatAmount>
<backgroundColor/>
<backgroundImagePath>bg.post</backgroundImagePath>
<backgroundTile>false</backgroundTile>
<photoPuzzlePieces>
<photoPuzzle>
<maskPath>mask5.post</maskPath>
<filterPath>100019.FilterOnline</filterPath>
<backgroundImagePath>block_bg5.post</backgroundImagePath>
<backgroundImageInnerFrame>{{-19,-11},{428,402}}</backgroundImageInnerFrame>
<frameRectArray>
<frameRect>{{69,740},{371,358}}</frameRect>
</frameRectArray>
</photoPuzzle>
<photoPuzzle>
<maskPath>mask4.post</maskPath>
<filterPath>100019.FilterOnline</filterPath>
<backgroundImagePath>block_bg4.post</backgroundImagePath>
<backgroundImageInnerFrame>{{-13,-5},{379,470}}</backgroundImageInnerFrame>
<frameRectArray>
<frameRect>{{423,616},{366,449}}</frameRect>
</frameRectArray>
</photoPuzzle>
<photoPuzzle>
<maskPath>mask2.post</maskPath>
<filterPath>100019.FilterOnline</filterPath>
<backgroundImagePath>block_bg2.post</backgroundImagePath>
<backgroundImageInnerFrame>{{-8,-4},{436,373}}</backgroundImageInnerFrame>
<frameRectArray>
<frameRect>{{38,164},{421,359}}</frameRect>
</frameRectArray>
</photoPuzzle>
<photoPuzzle>
<maskPath>mask3.post</maskPath>
<filterPath>100019.FilterOnline</filterPath>
<backgroundImagePath>block_bg3.post</backgroundImagePath>
<backgroundImageInnerFrame>{{-11,-8},{318,302}}</backgroundImageInnerFrame>
<frameRectArray>
<frameRect>{{142,484},{297,279}}</frameRect>
</frameRectArray>
</photoPuzzle>
<photoPuzzle>
<maskPath>mask1.post</maskPath>
<filterPath>100019.FilterOnline</filterPath>
<backgroundImagePath>block_bg1.post</backgroundImagePath>
<backgroundImageInnerFrame>{{-18,-8},{363,399}}</backgroundImageInnerFrame>
<frameRectArray>
<frameRect>{{432,230},{340,381}}</frameRect>
</frameRectArray>
</photoPuzzle>
</photoPuzzlePieces>
<imagePuzzlePieces>
<imagePuzzle>
<type>1</type>
<imagePath/>
<weatherColor>#515050FF</weatherColor>
<frameRectArray>
<frameRect>{{18,30},{104,104}}</frameRect>
</frameRectArray>
</imagePuzzle>
<imagePuzzle>
<type>0</type>
<imagePath>img1.post</imagePath>
<weatherColor/>
<frameRectArray>
<frameRect>{{734,954},{66,95}}</frameRect>
</frameRectArray>
</imagePuzzle>
</imagePuzzlePieces>
<textPuzzlePieces>
<textPuzzle>
<type>1</type>
<text>{@}</text>
<format>MMM</format>
<language>en_US</language>
<align>0</align>
<caseString>1</caseString>
<editable>false</editable>
<font>Arial</font>
<maximumFontSize>37.000000</maximumFontSize>
<minimumFontSize>37.000000</minimumFontSize>
<color>#515050FF</color>
<isShadow>false</isShadow>
<shadowOffset/>
<shadowColor/>
<maxCount>0</maxCount>
<frameRectArray>
<frameRect>{{166,30},{126,43}}</frameRect>
</frameRectArray>
</textPuzzle>
<textPuzzle>
<type>1</type>
<text>{@}</text>
<format>dd</format>
<language>en_US</language>
<align>0</align>
<caseString>1</caseString>
<editable>true</editable>
<font>Arial</font>
<maximumFontSize>70.000000</maximumFontSize>
<minimumFontSize>55.000000</minimumFontSize>
<color>#515050FF</color>
<isShadow>false</isShadow>
<shadowOffset/>
<shadowColor/>
<maxCount>2</maxCount>
<frameRectArray>
<frameRect>{{166,73},{108,71}}</frameRect>
</frameRectArray>
</textPuzzle>
<textPuzzle>
<type>1</type>
<text>{@}</text>
<format>yyyy</format>
<language>en_US</language>
<align>0</align>
<caseString>1</caseString>
<editable>true</editable>
<font>Arial</font>
<maximumFontSize>22.000000</maximumFontSize>
<minimumFontSize>22.000000</minimumFontSize>
<color>#515050FF</color>
<isShadow>false</isShadow>
<shadowOffset/>
<shadowColor/>
<maxCount>4</maxCount>
<frameRectArray>
<frameRect>{{329,35},{120,28}}</frameRect>
</frameRectArray>
</textPuzzle>
<textPuzzle>
<type>0</type>
<text>Let’s  GO !</text>
<format/>
<language/>
<align>0</align>
<caseString>0</caseString>
<editable>true</editable>
<font>Arial</font>
<maximumFontSize>22.000000</maximumFontSize>
<minimumFontSize>22.000000</minimumFontSize>
<color>#515050FF</color>
<isShadow>false</isShadow>
<shadowOffset/>
<shadowColor/>
<maxCount>12</maxCount>
<frameRectArray>
<frameRect>{{329,64},{188,28}}</frameRect>
</frameRectArray>
</textPuzzle>
</textPuzzlePieces>
</puzzle>
