<?xml version="1.0" encoding="utf-8"?>
<puzzle>
<resId>200110049</resId>
<version>1</version>
<name>排骨 B5-1</name>
<iconPath>thumbnail.post</iconPath>
<width>800</width>
<height>1200</height>
<photoAmount>1</photoAmount>
<formatAmount>1</formatAmount>
<backgroundColor/>
<backgroundImagePath>bg.post</backgroundImagePath>
<backgroundTile>false</backgroundTile>
<photoPuzzlePieces>
<photoPuzzle>
<maskPath>mask1.post</maskPath>
<filterPath/>
<backgroundImagePath>block_bg1.post</backgroundImagePath>
<backgroundImageInnerFrame>{{-9,0},{785,1052}}</backgroundImageInnerFrame>
<frameRectArray>
<frameRect>{{9,86},{757,1052}}</frameRect>
</frameRectArray>
</photoPuzzle>
</photoPuzzlePieces>
<imagePuzzlePieces>
<imagePuzzle>
<type>0</type>
<imagePath>img1.post</imagePath>
<weatherColor/>
<frameRectArray>
<frameRect>{{0,0},{800,1200}}</frameRect>
</frameRectArray>
</imagePuzzle>
<imagePuzzle>
<type>1</type>
<imagePath/>
<weatherColor>#254b5eFF</weatherColor>
<frameRectArray>
<frameRect>{{670,1028},{52,52}}</frameRect>
</frameRectArray>
</imagePuzzle>
</imagePuzzlePieces>
<textPuzzlePieces>
<textPuzzle>
<type>4</type>
<text>{@}℃</text>
<format/>
<language/>
<align>1</align>
<caseString>0</caseString>
<editable>false</editable>
<font>SystemFont</font>
<maximumFontSize>25.000000</maximumFontSize>
<minimumFontSize>25.000000</minimumFontSize>
<color>#254b5eFF</color>
<isShadow>false</isShadow>
<shadowOffset/>
<shadowColor/>
<maxCount>0</maxCount>
<frameRectArray>
<frameRect>{{649,1084},{97,32}}</frameRect>
</frameRectArray>
</textPuzzle>
<textPuzzle>
<type>1</type>
<text>{@}</text>
<format>yyyy.MM.dd</format>
<language>en_US</language>
<align>1</align>
<caseString>1</caseString>
<editable>true</editable>
<font>Avenir-Black</font>
<maximumFontSize>23.000000</maximumFontSize>
<minimumFontSize>23.000000</minimumFontSize>
<color>#254b5eFF</color>
<isShadow>false</isShadow>
<shadowOffset/>
<shadowColor/>
<maxCount>10</maxCount>
<frameRectArray>
<frameRect>{{43,79},{157,34}}</frameRect>
</frameRectArray>
</textPuzzle>
<textPuzzle>
<type>1</type>
<text>{@}</text>
<format>EEEE</format>
<language>en_US</language>
<align>1</align>
<caseString>1</caseString>
<editable>true</editable>
<font>Arial</font>
<maximumFontSize>23.000000</maximumFontSize>
<minimumFontSize>20.000000</minimumFontSize>
<color>#254b5eFF</color>
<isShadow>false</isShadow>
<shadowOffset/>
<shadowColor/>
<maxCount>10</maxCount>
<frameRectArray>
<frameRect>{{251,79},{160,34}}</frameRect>
</frameRectArray>
</textPuzzle>
<textPuzzle>
<type>2</type>
<text>{@}</text>
<format>c3</format>
<language>en_US</language>
<align>1</align>
<caseString>1</caseString>
<editable>true</editable>
<font>Avenir-Black</font>
<maximumFontSize>19.000000</maximumFontSize>
<minimumFontSize>9.500000</minimumFontSize>
<color>#254b5eFF</color>
<isShadow>false</isShadow>
<shadowOffset/>
<shadowColor/>
<maxCount>20</maxCount>
<frameRectArray>
<frameRect>{{114,134},{216,39}}</frameRect>
</frameRectArray>
</textPuzzle>
<textPuzzle>
<type>0</type>
<text>POSTERLABS</text>
<format/>
<language/>
<align>1</align>
<caseString>0</caseString>
<editable>true</editable>
<font>Didot</font>
<maximumFontSize>32.000000</maximumFontSize>
<minimumFontSize>25.000000</minimumFontSize>
<color>#254b5eFF</color>
<isShadow>false</isShadow>
<shadowOffset/>
<shadowColor/>
<maxCount>10</maxCount>
<frameRectArray>
<frameRect>{{67,0},{327,42}}</frameRect>
</frameRectArray>
</textPuzzle>
</textPuzzlePieces>
</puzzle>
