<?xml version="1.0" encoding="utf-8"?>
<puzzle>
<resId>200240033</resId>
<version>1</version>
<name>小哈B1-4</name>
<iconPath>thumbnail.post</iconPath>
<width>800</width>
<height>1200</height>
<photoAmount>4</photoAmount>
<formatAmount>1</formatAmount>
<backgroundColor/>
<backgroundImagePath>bg.post</backgroundImagePath>
<backgroundTile>false</backgroundTile>
<photoPuzzlePieces>
<photoPuzzle>
<maskPath>mask4.post</maskPath>
<filterPath/>
<backgroundImagePath>block_bg4.post</backgroundImagePath>
<backgroundImageInnerFrame>{{-7,-15},{348,342}}</backgroundImageInnerFrame>
<frameRectArray>
<frameRect>{{412,747},{327,314}}</frameRect>
</frameRectArray>
</photoPuzzle>
<photoPuzzle>
<maskPath>mask3.post</maskPath>
<filterPath/>
<backgroundImagePath>block_bg3.post</backgroundImagePath>
<backgroundImageInnerFrame>{{-10,-13},{362,356}}</backgroundImageInnerFrame>
<frameRectArray>
<frameRect>{{47,734},{342,330}}</frameRect>
</frameRectArray>
</photoPuzzle>
<photoPuzzle>
<maskPath>mask2.post</maskPath>
<filterPath/>
<backgroundImagePath>block_bg2.post</backgroundImagePath>
<backgroundImageInnerFrame>{{-12,-10},{356,341}}</backgroundImageInnerFrame>
<frameRectArray>
<frameRect>{{403,305},{332,321}}</frameRect>
</frameRectArray>
</photoPuzzle>
<photoPuzzle>
<maskPath>mask1.post</maskPath>
<filterPath/>
<backgroundImagePath>block_bg1.post</backgroundImagePath>
<backgroundImageInnerFrame>{{-11,-9},{346,335}}</backgroundImageInnerFrame>
<frameRectArray>
<frameRect>{{53,307},{322,318}}</frameRect>
</frameRectArray>
</photoPuzzle>
</photoPuzzlePieces>
<imagePuzzlePieces>
<imagePuzzle>
<type>0</type>
<imagePath>img1.post</imagePath>
<weatherColor/>
<frameRectArray>
<frameRect>{{0,278},{800,799}}</frameRect>
</frameRectArray>
</imagePuzzle>
<imagePuzzle>
<type>0</type>
<imagePath>img2.post</imagePath>
<weatherColor/>
<frameRectArray>
<frameRect>{{179,278},{426,524}}</frameRect>
</frameRectArray>
</imagePuzzle>
</imagePuzzlePieces>
<textPuzzlePieces>
<textPuzzle>
<type>2</type>
<text>{@}</text>
<format>c4,c2</format>
<language>en_US</language>
<align>1</align>
<caseString>3</caseString>
<editable>true</editable>
<font>Verdana</font>
<maximumFontSize>24.000000</maximumFontSize>
<minimumFontSize>12.000000</minimumFontSize>
<color>#6a3906FF</color>
<isShadow>false</isShadow>
<shadowOffset/>
<shadowColor/>
<maxCount>41</maxCount>
<frameRectArray>
<frameRect>{{239,194},{321,36}}</frameRect>
</frameRectArray>
</textPuzzle>
<textPuzzle>
<type>0</type>
<text>9:00</text>
<format/>
<language/>
<align>1</align>
<caseString>0</caseString>
<editable>true</editable>
<font>Verdana</font>
<maximumFontSize>35.000000</maximumFontSize>
<minimumFontSize>35.000000</minimumFontSize>
<color>#6a3906FF</color>
<isShadow>false</isShadow>
<shadowOffset/>
<shadowColor/>
<maxCount>5</maxCount>
<frameRectArray>
<frameRect>{{53,642},{127,44}}</frameRect>
</frameRectArray>
</textPuzzle>
<textPuzzle>
<type>0</type>
<text>16:00</text>
<format/>
<language/>
<align>1</align>
<caseString>0</caseString>
<editable>true</editable>
<font>Verdana</font>
<maximumFontSize>35.000000</maximumFontSize>
<minimumFontSize>35.000000</minimumFontSize>
<color>#6a3906FF</color>
<isShadow>false</isShadow>
<shadowOffset/>
<shadowColor/>
<maxCount>5</maxCount>
<frameRectArray>
<frameRect>{{53,1080},{127,48}}</frameRect>
</frameRectArray>
</textPuzzle>
<textPuzzle>
<type>0</type>
<text>12:00</text>
<format/>
<language/>
<align>1</align>
<caseString>0</caseString>
<editable>true</editable>
<font>Verdana</font>
<maximumFontSize>35.000000</maximumFontSize>
<minimumFontSize>35.000000</minimumFontSize>
<color>#6a3906FF</color>
<isShadow>false</isShadow>
<shadowOffset/>
<shadowColor/>
<maxCount>5</maxCount>
<frameRectArray>
<frameRect>{{401,642},{139,44}}</frameRect>
</frameRectArray>
</textPuzzle>
<textPuzzle>
<type>0</type>
<text>21:00</text>
<format/>
<language/>
<align>1</align>
<caseString>0</caseString>
<editable>true</editable>
<font>Verdana</font>
<maximumFontSize>35.000000</maximumFontSize>
<minimumFontSize>35.000000</minimumFontSize>
<color>#6a3906FF</color>
<isShadow>false</isShadow>
<shadowOffset/>
<shadowColor/>
<maxCount>5</maxCount>
<frameRectArray>
<frameRect>{{401,1080},{139,48}}</frameRect>
</frameRectArray>
</textPuzzle>
<textPuzzle>
<type>0</type>
<text>牛奶早餐最幸福！</text>
<format/>
<language/>
<align>0</align>
<caseString>0</caseString>
<editable>true</editable>
<font>SystemFont</font>
<maximumFontSize>22.000000</maximumFontSize>
<minimumFontSize>22.000000</minimumFontSize>
<color>#6a3906FF</color>
<isShadow>false</isShadow>
<shadowOffset/>
<shadowColor/>
<maxCount>17</maxCount>
<frameRectArray>
<frameRect>{{169,642},{200,44}}</frameRect>
</frameRectArray>
</textPuzzle>
<textPuzzle>
<type>0</type>
<text>午餐也要萌萌哒！</text>
<format/>
<language/>
<align>0</align>
<caseString>0</caseString>
<editable>true</editable>
<font>SystemFont</font>
<maximumFontSize>22.000000</maximumFontSize>
<minimumFontSize>22.000000</minimumFontSize>
<color>#6a3906FF</color>
<isShadow>false</isShadow>
<shadowOffset/>
<shadowColor/>
<maxCount>17</maxCount>
<frameRectArray>
<frameRect>{{540,642},{191,44}}</frameRect>
</frameRectArray>
</textPuzzle>
<textPuzzle>
<type>0</type>
<text>还是柠檬汽水好！</text>
<format/>
<language/>
<align>0</align>
<caseString>0</caseString>
<editable>true</editable>
<font>SystemFont</font>
<maximumFontSize>22.000000</maximumFontSize>
<minimumFontSize>22.000000</minimumFontSize>
<color>#6a3906FF</color>
<isShadow>false</isShadow>
<shadowOffset/>
<shadowColor/>
<maxCount>17</maxCount>
<frameRectArray>
<frameRect>{{169,1080},{200,48}}</frameRect>
</frameRectArray>
</textPuzzle>
<textPuzzle>
<type>0</type>
<text>今朝有酒今朝醉！</text>
<format/>
<language/>
<align>0</align>
<caseString>0</caseString>
<editable>true</editable>
<font>SystemFont</font>
<maximumFontSize>22.000000</maximumFontSize>
<minimumFontSize>22.000000</minimumFontSize>
<color>#6a3906FF</color>
<isShadow>false</isShadow>
<shadowOffset/>
<shadowColor/>
<maxCount>17</maxCount>
<frameRectArray>
<frameRect>{{540,1080},{191,48}}</frameRect>
</frameRectArray>
</textPuzzle>
</textPuzzlePieces>
</puzzle>
