<?xml version="1.0" encoding="utf-8"?>
<puzzle>
<resId>200110024</resId>
<version>1</version>
<name>番茄3-1</name>
<iconPath>thumbnail.post</iconPath>
<width>800</width>
<height>1200</height>
<photoAmount>1</photoAmount>
<formatAmount>1</formatAmount>
<backgroundColor>#fdb416FF</backgroundColor>
<backgroundImagePath/>
<backgroundTile/>
<photoPuzzlePieces>
<photoPuzzle>
<maskPath/>
<filterPath/>
<backgroundImagePath/>
<backgroundImageInnerFrame/>
<frameRectArray>
<frameRect>{{0,0},{800,1200}}</frameRect>
</frameRectArray>
</photoPuzzle>
</photoPuzzlePieces>
<imagePuzzlePieces>
<imagePuzzle>
<type>0</type>
<imagePath>img1.post</imagePath>
<weatherColor/>
<frameRectArray>
<frameRect>{{0,0},{800,1200}}</frameRect>
</frameRectArray>
</imagePuzzle>
<imagePuzzle>
<type>1</type>
<imagePath/>
<weatherColor>#ffffffFF</weatherColor>
<frameRectArray>
<frameRect>{{717,470},{65,65}}</frameRect>
</frameRectArray>
</imagePuzzle>
</imagePuzzlePieces>
<textPuzzlePieces>
<textPuzzle>
<type>2</type>
<text>{@}</text>
<format>c4</format>
<language>en_US</language>
<align>2</align>
<caseString>1</caseString>
<editable>true</editable>
<font>Verdana</font>
<maximumFontSize>32.000000</maximumFontSize>
<minimumFontSize>16.000000</minimumFontSize>
<color>#ffffffFF</color>
<isShadow>false</isShadow>
<shadowOffset/>
<shadowColor/>
<maxCount>20</maxCount>
<frameRectArray>
<frameRect>{{549,483},{168,47}}</frameRect>
</frameRectArray>
</textPuzzle>
<textPuzzle>
<type>1</type>
<text>{@}</text>
<format>yyyy/MM/dd</format>
<language>en_US</language>
<align>1</align>
<caseString>1</caseString>
<editable>true</editable>
<font>Verdana</font>
<maximumFontSize>32.000000</maximumFontSize>
<minimumFontSize>32.000000</minimumFontSize>
<color>#ffffffFF</color>
<isShadow>false</isShadow>
<shadowOffset/>
<shadowColor/>
<maxCount>10</maxCount>
<frameRectArray>
<frameRect>{{549,533},{233,38}}</frameRect>
</frameRectArray>
</textPuzzle>
</textPuzzlePieces>
</puzzle>
