<?xml version="1.0" encoding="utf-8"?>
<puzzle>
<resId>200110029</resId>
<version>1</version>
<name>谢林1-1</name>
<iconPath>thumbnail.post</iconPath>
<width>800</width>
<height>1200</height>
<photoAmount>1</photoAmount>
<formatAmount>1</formatAmount>
<backgroundColor>#ffffffFF</backgroundColor>
<backgroundImagePath/>
<backgroundTile/>
<photoPuzzlePieces>
<photoPuzzle>
<maskPath>mask1.post</maskPath>
<filterPath/>
<backgroundImagePath/>
<backgroundImageInnerFrame/>
<frameRectArray>
<frameRect>{{0,0},{800,1200}}</frameRect>
</frameRectArray>
</photoPuzzle>
</photoPuzzlePieces>
<imagePuzzlePieces>
<imagePuzzle>
<type>0</type>
<imagePath>img1.post</imagePath>
<weatherColor/>
<frameRectArray>
<frameRect>{{0,0},{800,197}}</frameRect>
</frameRectArray>
</imagePuzzle>
<imagePuzzle>
<type>0</type>
<imagePath>img2.post</imagePath>
<weatherColor/>
<frameRectArray>
<frameRect>{{677,1102},{111,84}}</frameRect>
</frameRectArray>
</imagePuzzle>
<imagePuzzle>
<type>1</type>
<imagePath/>
<weatherColor>#000000FF</weatherColor>
<frameRectArray>
<frameRect>{{35,1090},{82,82}}</frameRect>
</frameRectArray>
</imagePuzzle>
</imagePuzzlePieces>
<textPuzzlePieces>
<textPuzzle>
<type>2</type>
<text>{@}</text>
<format>c4</format>
<language>en_US</language>
<align>0</align>
<caseString>3</caseString>
<editable>true</editable>
<font>Verdana</font>
<maximumFontSize>32.000000</maximumFontSize>
<minimumFontSize>16.000000</minimumFontSize>
<color>#000000FF</color>
<isShadow>false</isShadow>
<shadowOffset/>
<shadowColor/>
<maxCount>20</maxCount>
<frameRectArray>
<frameRect>{{119,1099},{246,38}}</frameRect>
</frameRectArray>
</textPuzzle>
<textPuzzle>
<type>1</type>
<text>{@}</text>
<format>MMM dd,yyyy</format>
<language>en_US</language>
<align>0</align>
<caseString>3</caseString>
<editable>true</editable>
<font>Verdana</font>
<maximumFontSize>32.000000</maximumFontSize>
<minimumFontSize>32.000000</minimumFontSize>
<color>#000000FF</color>
<isShadow>false</isShadow>
<shadowOffset/>
<shadowColor/>
<maxCount>12</maxCount>
<frameRectArray>
<frameRect>{{119,1130},{230,36}}</frameRect>
</frameRectArray>
</textPuzzle>
</textPuzzlePieces>
</puzzle>
