<?xml version="1.0" encoding="utf-8"?>
<puzzle>
<resId>200220022</resId>
<version>1</version>
<name>小哈9-2</name>
<iconPath>thumbnail.post</iconPath>
<width>800</width>
<height>1200</height>
<photoAmount>2</photoAmount>
<formatAmount>1</formatAmount>
<backgroundColor/>
<backgroundImagePath>bg.post</backgroundImagePath>
<backgroundTile>false</backgroundTile>
<photoPuzzlePieces>
<photoPuzzle>
<maskPath>mask2.post</maskPath>
<filterPath/>
<backgroundImagePath>block_bg2.post</backgroundImagePath>
<backgroundImageInnerFrame>{{-47,-14},{799,569}}</backgroundImageInnerFrame>
<frameRectArray>
<frameRect>{{47,646},{722,523}}</frameRect>
</frameRectArray>
</photoPuzzle>
<photoPuzzle>
<maskPath>mask1.post</maskPath>
<filterPath/>
<backgroundImagePath>block_bg1.post</backgroundImagePath>
<backgroundImageInnerFrame>{{-31,-13},{796,593}}</backgroundImageInnerFrame>
<frameRectArray>
<frameRect>{{31,29},{743,545}}</frameRect>
</frameRectArray>
</photoPuzzle>
</photoPuzzlePieces>
<imagePuzzlePieces>
<imagePuzzle>
<type>0</type>
<imagePath>img1.post</imagePath>
<weatherColor/>
<frameRectArray>
<frameRect>{{0,474},{800,308}}</frameRect>
</frameRectArray>
</imagePuzzle>
<imagePuzzle>
<type>0</type>
<imagePath>img2.post</imagePath>
<weatherColor/>
<frameRectArray>
<frameRect>{{599,1007},{179,164}}</frameRect>
</frameRectArray>
</imagePuzzle>
</imagePuzzlePieces>
<textPuzzlePieces>
<textPuzzle>
<type>1</type>
<text>{@}</text>
<format>d</format>
<language>en_US</language>
<align>1</align>
<caseString>1</caseString>
<editable>true</editable>
<font>TrebuchetMS</font>
<maximumFontSize>85.000000</maximumFontSize>
<minimumFontSize>85.000000</minimumFontSize>
<color>#ffffffFF</color>
<isShadow>true</isShadow>
<shadowOffset>{1.000000,0.870000}</shadowOffset>
<shadowColor>#00000019</shadowColor>
<maxCount>2</maxCount>
<frameRectArray>
<frameRect>{{592,952},{136,121}}</frameRect>
</frameRectArray>
</textPuzzle>
<textPuzzle>
<type>1</type>
<text>{@}</text>
<format>MM</format>
<language>en_US</language>
<align>0</align>
<caseString>3</caseString>
<editable>true</editable>
<font>TrebuchetMS</font>
<maximumFontSize>56.000000</maximumFontSize>
<minimumFontSize>56.000000</minimumFontSize>
<color>#ffffffFF</color>
<isShadow>true</isShadow>
<shadowOffset>{1.000000,0.870000}</shadowOffset>
<shadowColor>#00000019</shadowColor>
<maxCount>2</maxCount>
<frameRectArray>
<frameRect>{{680,1055},{89,60}}</frameRect>
</frameRectArray>
</textPuzzle>
<textPuzzle>
<type>2</type>
<text>{@}</text>
<format>c4</format>
<language>en_US</language>
<align>2</align>
<caseString>1</caseString>
<editable>true</editable>
<font>TrebuchetMS</font>
<maximumFontSize>33.000000</maximumFontSize>
<minimumFontSize>16.500000</minimumFontSize>
<color>#ffffffFF</color>
<isShadow>true</isShadow>
<shadowOffset>{1.000000,0.870000}</shadowOffset>
<shadowColor>#00000011</shadowColor>
<maxCount>20</maxCount>
<frameRectArray>
<frameRect>{{420,1125},{300,40}}</frameRect>
</frameRectArray>
</textPuzzle>
</textPuzzlePieces>
</puzzle>
