<?xml version="1.0" encoding="utf-8"?>
<puzzle>
<resId>200220044</resId>
<version>1</version>
<name>宁宁B2-2</name>
<iconPath>thumbnail.post</iconPath>
<width>800</width>
<height>1200</height>
<photoAmount>2</photoAmount>
<formatAmount>1</formatAmount>
<backgroundColor/>
<backgroundImagePath>bg.post</backgroundImagePath>
<backgroundTile>false</backgroundTile>
<photoPuzzlePieces>
<photoPuzzle>
<maskPath>mask2.post</maskPath>
<filterPath/>
<backgroundImagePath>block_bg2.post</backgroundImagePath>
<backgroundImageInnerFrame>{{-34,-34},{727,557}}</backgroundImageInnerFrame>
<frameRectArray>
<frameRect>{{78,565},{663,479}}</frameRect>
</frameRectArray>
</photoPuzzle>
<photoPuzzle>
<maskPath>mask1.post</maskPath>
<filterPath/>
<backgroundImagePath>block_bg1.post</backgroundImagePath>
<backgroundImageInnerFrame>{{-31,-36},{464,542}}</backgroundImageInnerFrame>
<frameRectArray>
<frameRect>{{328,72},{397,468}}</frameRect>
</frameRectArray>
</photoPuzzle>
</photoPuzzlePieces>
<imagePuzzlePieces/>
<textPuzzlePieces>
<textPuzzle>
<type>2</type>
<text>{@}</text>
<format>c4</format>
<language>en_US</language>
<align>2</align>
<caseString>1</caseString>
<editable>true</editable>
<font>Avenir-Black</font>
<maximumFontSize>30.000000</maximumFontSize>
<minimumFontSize>15.000000</minimumFontSize>
<color>#232101FF</color>
<isShadow>false</isShadow>
<shadowOffset/>
<shadowColor/>
<maxCount>20</maxCount>
<frameRectArray>
<frameRect>{{345,1072},{396,48}}</frameRect>
</frameRectArray>
</textPuzzle>
<textPuzzle>
<type>1</type>
<text>{@}</text>
<format>MM/dd</format>
<language>en_US</language>
<align>2</align>
<caseString>1</caseString>
<editable>true</editable>
<font>Avenir-Black</font>
<maximumFontSize>71.000000</maximumFontSize>
<minimumFontSize>50.000000</minimumFontSize>
<color>#232101FF</color>
<isShadow>false</isShadow>
<shadowOffset/>
<shadowColor/>
<maxCount>20</maxCount>
<frameRectArray>
<frameRect>{{409,1125},{348,68}}</frameRect>
</frameRectArray>
</textPuzzle>
<textPuzzle>
<type>0</type>
<text>ONE DAY</text>
<format/>
<language/>
<align>0</align>
<caseString>0</caseString>
<editable>true</editable>
<font>Avenir-BookOblique</font>
<maximumFontSize>49.000000</maximumFontSize>
<minimumFontSize>30.000000</minimumFontSize>
<color>#232101FF</color>
<isShadow>false</isShadow>
<shadowOffset/>
<shadowColor/>
<maxCount>10</maxCount>
<frameRectArray>
<frameRect>{{39,87},{264,56}}</frameRect>
</frameRectArray>
</textPuzzle>
<textPuzzle>
<type>0</type>
<text>WITH</text>
<format/>
<language/>
<align>0</align>
<caseString>0</caseString>
<editable>true</editable>
<font>Avenir-BookOblique</font>
<maximumFontSize>49.000000</maximumFontSize>
<minimumFontSize>30.000000</minimumFontSize>
<color>#232101FF</color>
<isShadow>false</isShadow>
<shadowOffset/>
<shadowColor/>
<maxCount>6</maxCount>
<frameRectArray>
<frameRect>{{39,155},{151,52}}</frameRect>
</frameRectArray>
</textPuzzle>
<textPuzzle>
<type>0</type>
<text>TRAVELER</text>
<format/>
<language/>
<align>0</align>
<caseString>0</caseString>
<editable>true</editable>
<font>Avenir-BookOblique</font>
<maximumFontSize>49.000000</maximumFontSize>
<minimumFontSize>30.000000</minimumFontSize>
<color>#232101FF</color>
<isShadow>false</isShadow>
<shadowOffset/>
<shadowColor/>
<maxCount>10</maxCount>
<frameRectArray>
<frameRect>{{39,216},{264,53}}</frameRect>
</frameRectArray>
</textPuzzle>
</textPuzzlePieces>
</puzzle>
