<?xml version="1.0" encoding="utf-8"?>
<puzzle>
<resId>200220050</resId>
<version>1</version>
<name>阿花C5-2</name>
<iconPath>thumbnail.post</iconPath>
<width>1000</width>
<height>1500</height>
<photoAmount>2</photoAmount>
<formatAmount>1</formatAmount>
<backgroundColor>#faf0d7FF</backgroundColor>
<backgroundImagePath/>
<backgroundTile/>
<photoPuzzlePieces>
<photoPuzzle>
<maskPath>mask2.post</maskPath>
<filterPath/>
<backgroundImagePath/>
<backgroundImageInnerFrame/>
<frameRectArray>
<frameRect>{{0,880},{1000,620}}</frameRect>
</frameRectArray>
</photoPuzzle>
<photoPuzzle>
<maskPath>mask1.post</maskPath>
<filterPath/>
<backgroundImagePath/>
<backgroundImageInnerFrame/>
<frameRectArray>
<frameRect>{{75,0},{925,673}}</frameRect>
</frameRectArray>
</photoPuzzle>
</photoPuzzlePieces>
<imagePuzzlePieces>
<imagePuzzle>
<type>0</type>
<imagePath>img1.post</imagePath>
<weatherColor/>
<frameRectArray>
<frameRect>{{88,40},{198,38}}</frameRect>
</frameRectArray>
</imagePuzzle>
<imagePuzzle>
<type>0</type>
<imagePath>img2.post</imagePath>
<weatherColor/>
<frameRectArray>
<frameRect>{{75,711},{459,146}}</frameRect>
</frameRectArray>
</imagePuzzle>
</imagePuzzlePieces>
<textPuzzlePieces>
<textPuzzle>
<type>0</type>
<text>又     见</text>
<format/>
<language/>
<align>2</align>
<caseString>0</caseString>
<editable>true</editable>
<useCustomFont>false</useCustomFont>
<font>SystemFont</font>
<fontTextImagePath/>
<maximumFontSize>36.000000</maximumFontSize>
<minimumFontSize>20.000000</minimumFontSize>
<color>#7b7979FF</color>
<isShadow>false</isShadow>
<shadowOffset/>
<shadowColor/>
<maxCount>30</maxCount>
<frameRectArray>
<frameRect>{{88,781},{404,40}}</frameRect>
</frameRectArray>
</textPuzzle>
</textPuzzlePieces>
</puzzle>
