<?xml version="1.0" encoding="utf-8"?>
<puzzle>
<resId>200210050</resId>
<version>1</version>
<name>小bB6.1-1</name>
<iconPath>thumbnail.post</iconPath>
<width>800</width>
<height>1200</height>
<photoAmount>1</photoAmount>
<formatAmount>1</formatAmount>
<backgroundColor/>
<backgroundImagePath>bg.post</backgroundImagePath>
<backgroundTile>false</backgroundTile>
<photoPuzzlePieces>
<photoPuzzle>
<maskPath>mask.post</maskPath>
<filterPath/>
<backgroundImagePath>block_bg.post</backgroundImagePath>
<backgroundImageInnerFrame>{{-19,-16},{788,865}}</backgroundImageInnerFrame>
<frameRectArray>
<frameRect>{{28,258},{740,795}}</frameRect>
</frameRectArray>
</photoPuzzle>
</photoPuzzlePieces>
<imagePuzzlePieces>
<imagePuzzle>
<type>0</type>
<imagePath>img.post</imagePath>
<weatherColor/>
<frameRectArray>
<frameRect>{{0,0},{800,1200}}</frameRect>
</frameRectArray>
</imagePuzzle>
</imagePuzzlePieces>
<textPuzzlePieces/>
</puzzle>
