<?xml version="1.0" encoding="utf-8"?>
<puzzle>
<resId>200320021</resId>
<version>1</version>
<name>didiC6-2</name>
<iconPath>thumbnail.post</iconPath>
<width>1000</width>
<height>1500</height>
<photoAmount>2</photoAmount>
<formatAmount>1</formatAmount>
<backgroundColor/>
<backgroundImagePath>bg.post</backgroundImagePath>
<backgroundTile>false</backgroundTile>
<photoPuzzlePieces>
<photoPuzzle>
<maskPath>mask2.post</maskPath>
<filterPath/>
<backgroundImagePath/>
<backgroundImageInnerFrame/>
<frameRectArray>
<frameRect>{{421,737},{579,763}}</frameRect>
</frameRectArray>
</photoPuzzle>
<photoPuzzle>
<maskPath>mask1.post</maskPath>
<filterPath/>
<backgroundImagePath/>
<backgroundImageInnerFrame/>
<frameRectArray>
<frameRect>{{0,0},{725,1021}}</frameRect>
</frameRectArray>
</photoPuzzle>
</photoPuzzlePieces>
<imagePuzzlePieces/>
<textPuzzlePieces>
<textPuzzle>
<type>0</type>
<text>LOVE STORY</text>
<format/>
<language/>
<align>1</align>
<caseString>0</caseString>
<editable>true</editable>
<useCustomFont>false</useCustomFont>
<font>Verdana</font>
<fontTextImagePath/>
<maximumFontSize>66.000000</maximumFontSize>
<minimumFontSize>20.000000</minimumFontSize>
<color>#ff63a9FF</color>
<isShadow>false</isShadow>
<shadowOffset/>
<shadowColor/>
<maxCount>40</maxCount>
<frameRectArray>
<frameRect>{{16,1275},{492,85}}</frameRect>
</frameRectArray>
</textPuzzle>
<textPuzzle>
<type>2</type>
<text>{@}</text>
<format>c4</format>
<language>en_US</language>
<align>0</align>
<caseString>3</caseString>
<editable>true</editable>
<useCustomFont>false</useCustomFont>
<font>SnellRoundhand</font>
<fontTextImagePath/>
<maximumFontSize>48.000000</maximumFontSize>
<minimumFontSize>20.000000</minimumFontSize>
<color>#957a4bFF</color>
<isShadow>false</isShadow>
<shadowOffset/>
<shadowColor/>
<maxCount>20</maxCount>
<frameRectArray>
<frameRect>{{585,159},{319,79}}</frameRect>
</frameRectArray>
</textPuzzle>
<textPuzzle>
<type>1</type>
<text>{@}</text>
<format>EEEE</format>
<language>en_US</language>
<align>0</align>
<caseString>3</caseString>
<editable>true</editable>
<useCustomFont>false</useCustomFont>
<font>SnellRoundhand</font>
<fontTextImagePath/>
<maximumFontSize>48.000000</maximumFontSize>
<minimumFontSize>20.000000</minimumFontSize>
<color>#957a4bFF</color>
<isShadow>false</isShadow>
<shadowOffset/>
<shadowColor/>
<maxCount>20</maxCount>
<frameRectArray>
<frameRect>{{620,231},{284,67}}</frameRect>
</frameRectArray>
</textPuzzle>
<textPuzzle>
<type>1</type>
<text>{@}</text>
<format>yyyy.MM.dd</format>
<language>en_US</language>
<align>1</align>
<caseString>3</caseString>
<editable>true</editable>
<useCustomFont>false</useCustomFont>
<font>SnellRoundhand</font>
<fontTextImagePath/>
<maximumFontSize>48.000000</maximumFontSize>
<minimumFontSize>20.000000</minimumFontSize>
<color>#957a4bFF</color>
<isShadow>false</isShadow>
<shadowOffset/>
<shadowColor/>
<maxCount>10</maxCount>
<frameRectArray>
<frameRect>{{608,292},{297,55}}</frameRect>
</frameRectArray>
</textPuzzle>
</textPuzzlePieces>
</puzzle>
