<?xml version="1.0" encoding="utf-8"?>
<puzzle>
<resId>200210047</resId>
<version>1</version>
<name>陈渠B5.1-1</name>
<iconPath>thumbnail.post</iconPath>
<width>800</width>
<height>1200</height>
<photoAmount>1</photoAmount>
<formatAmount>1</formatAmount>
<backgroundColor/>
<backgroundImagePath>bg.post</backgroundImagePath>
<backgroundTile>false</backgroundTile>
<photoPuzzlePieces>
<photoPuzzle>
<maskPath>mask1.post</maskPath>
<filterPath/>
<backgroundImagePath/>
<backgroundImageInnerFrame/>
<frameRectArray>
<frameRect>{{42,223},{713,881}}</frameRect>
</frameRectArray>
</photoPuzzle>
</photoPuzzlePieces>
<imagePuzzlePieces/>
<textPuzzlePieces>
<textPuzzle>
<type>1</type>
<text>{@}</text>
<format>yyyy-MM-dd</format>
<language>en_US</language>
<align>0</align>
<caseString>1</caseString>
<editable>true</editable>
<font>Arial</font>
<maximumFontSize>16.000000</maximumFontSize>
<minimumFontSize>10.000000</minimumFontSize>
<color>#103c67FF</color>
<isShadow>false</isShadow>
<shadowOffset/>
<shadowColor/>
<maxCount>20</maxCount>
<frameRectArray>
<frameRect>{{341,1143},{133,28}}</frameRect>
</frameRectArray>
</textPuzzle>
<textPuzzle>
<type>2</type>
<text>{@}</text>
<format>c4</format>
<language>en_US</language>
<align>0</align>
<caseString>1</caseString>
<editable>true</editable>
<font>Arial</font>
<maximumFontSize>16.000000</maximumFontSize>
<minimumFontSize>8.000000</minimumFontSize>
<color>#103c67FF</color>
<isShadow>false</isShadow>
<shadowOffset/>
<shadowColor/>
<maxCount>20</maxCount>
<frameRectArray>
<frameRect>{{74,1142},{155,28}}</frameRect>
</frameRectArray>
</textPuzzle>
<textPuzzle>
<type>0</type>
<text>GO WITH ALL YOUR HEART</text>
<format/>
<language/>
<align>1</align>
<caseString>0</caseString>
<editable>true</editable>
<font>Avenir-Black</font>
<maximumFontSize>20.000000</maximumFontSize>
<minimumFontSize>16.000000</minimumFontSize>
<color>#103c67FF</color>
<isShadow>false</isShadow>
<shadowOffset/>
<shadowColor/>
<maxCount>22</maxCount>
<frameRectArray>
<frameRect>{{364,174},{382,41}}</frameRect>
</frameRectArray>
</textPuzzle>
</textPuzzlePieces>
</puzzle>
