<?xml version="1.0" encoding="utf-8"?>
<puzzle>
<resId>200110012</resId>
<version>1</version>
<name>梦思3-1</name>
<iconPath>thumbnail.post</iconPath>
<width>800</width>
<height>1200</height>
<photoAmount>1</photoAmount>
<formatAmount>1</formatAmount>
<backgroundColor>#ff5b5aFF</backgroundColor>
<backgroundImagePath/>
<backgroundTile/>
<photoPuzzlePieces>
<photoPuzzle>
<maskPath/>
<filterPath>100004.FilterOnline</filterPath>
<backgroundImagePath/>
<backgroundImageInnerFrame/>
<frameRectArray>
<frameRect>{{21,93},{756,981}}</frameRect>
</frameRectArray>
</photoPuzzle>
</photoPuzzlePieces>
<imagePuzzlePieces>
<imagePuzzle>
<type>0</type>
<imagePath>img1.post</imagePath>
<weatherColor/>
<frameRectArray>
<frameRect>{{0,0},{800,1200}}</frameRect>
</frameRectArray>
</imagePuzzle>
</imagePuzzlePieces>
<textPuzzlePieces>
<textPuzzle>
<type>2</type>
<text>{@}</text>
<format>c4</format>
<language>en_US</language>
<align>0</align>
<caseString>1</caseString>
<editable>true</editable>
<font>TrebuchetMS</font>
<maximumFontSize>30.000000</maximumFontSize>
<minimumFontSize>15.000000</minimumFontSize>
<color>#ffffffFF</color>
<isShadow>false</isShadow>
<shadowOffset/>
<shadowColor/>
<maxCount>20</maxCount>
<frameRectArray>
<frameRect>{{50,1124},{244,42}}</frameRect>
</frameRectArray>
</textPuzzle>
</textPuzzlePieces>
</puzzle>
