<?xml version="1.0" encoding="utf-8"?>
<puzzle>
<resId>200230049</resId>
<version>1</version>
<name>宁宁B5.1-3</name>
<iconPath>thumbnail.post</iconPath>
<width>800</width>
<height>1200</height>
<photoAmount>3</photoAmount>
<formatAmount>1</formatAmount>
<backgroundColor/>
<backgroundImagePath>bg.post</backgroundImagePath>
<backgroundTile>false</backgroundTile>
<photoPuzzlePieces>
<photoPuzzle>
<maskPath/>
<filterPath/>
<backgroundImagePath/>
<backgroundImageInnerFrame/>
<frameRectArray>
<frameRect>{{526,797},{249,358}}</frameRect>
</frameRectArray>
</photoPuzzle>
<photoPuzzle>
<maskPath/>
<filterPath/>
<backgroundImagePath/>
<backgroundImageInnerFrame/>
<frameRectArray>
<frameRect>{{130,797},{383,358}}</frameRect>
</frameRectArray>
</photoPuzzle>
<photoPuzzle>
<maskPath/>
<filterPath/>
<backgroundImagePath/>
<backgroundImageInnerFrame/>
<frameRectArray>
<frameRect>{{130,25},{645,761}}</frameRect>
</frameRectArray>
</photoPuzzle>
</photoPuzzlePieces>
<imagePuzzlePieces>
<imagePuzzle>
<type>0</type>
<imagePath>img1.post</imagePath>
<weatherColor/>
<frameRectArray>
<frameRect>{{0,0},{800,1200}}</frameRect>
</frameRectArray>
</imagePuzzle>
</imagePuzzlePieces>
<textPuzzlePieces>
<textPuzzle>
<type>2</type>
<text>{@}</text>
<format>c4</format>
<language>zh_CN</language>
<align>1</align>
<caseString>1</caseString>
<editable>true</editable>
<font>SystemFont</font>
<maximumFontSize>41.000000</maximumFontSize>
<minimumFontSize>20.500000</minimumFontSize>
<color>#fffdeeFF</color>
<isShadow>false</isShadow>
<shadowOffset/>
<shadowColor/>
<maxCount>20</maxCount>
<frameRectArray>
<frameRect>{{53,91},{122,54}}</frameRect>
</frameRectArray>
</textPuzzle>
<textPuzzle>
<type>1</type>
<text>{@}</text>
<format>yyyy.MM.dd</format>
<language>en_US</language>
<align>1</align>
<caseString>1</caseString>
<editable>true</editable>
<font>Verdana</font>
<maximumFontSize>25.000000</maximumFontSize>
<minimumFontSize>15.000000</minimumFontSize>
<color>#fffdeeFF</color>
<isShadow>false</isShadow>
<shadowOffset/>
<shadowColor/>
<maxCount>20</maxCount>
<frameRectArray>
<frameRect>{{30,145},{168,35}}</frameRect>
</frameRectArray>
</textPuzzle>
</textPuzzlePieces>
</puzzle>
