<?xml version="1.0" encoding="utf-8"?>
<puzzle>
<resId>200140005</resId>
<version>1</version>
<name>曹男5-4</name>
<iconPath>thumbnail.post</iconPath>
<width>800</width>
<height>1200</height>
<photoAmount>4</photoAmount>
<formatAmount>1</formatAmount>
<backgroundColor>#ffffffFF</backgroundColor>
<backgroundImagePath/>
<backgroundTile/>
<photoPuzzlePieces>
<photoPuzzle>
<maskPath/>
<filterPath/>
<backgroundImagePath/>
<backgroundImageInnerFrame/>
<frameRectArray>
<frameRect>{{484,846},{302,330}}</frameRect>
</frameRectArray>
</photoPuzzle>
<photoPuzzle>
<maskPath/>
<filterPath/>
<backgroundImagePath/>
<backgroundImageInnerFrame/>
<frameRectArray>
<frameRect>{{21,796},{374,380}}</frameRect>
</frameRectArray>
</photoPuzzle>
<photoPuzzle>
<maskPath/>
<filterPath/>
<backgroundImagePath/>
<backgroundImageInnerFrame/>
<frameRectArray>
<frameRect>{{414,154},{373,571}}</frameRect>
</frameRectArray>
</photoPuzzle>
<photoPuzzle>
<maskPath/>
<filterPath/>
<backgroundImagePath/>
<backgroundImageInnerFrame/>
<frameRectArray>
<frameRect>{{21,23},{374,599}}</frameRect>
</frameRectArray>
</photoPuzzle>
</photoPuzzlePieces>
<imagePuzzlePieces>
<imagePuzzle>
<type>0</type>
<imagePath>img1.post</imagePath>
<weatherColor/>
<frameRectArray>
<frameRect>{{0,184},{391,552}}</frameRect>
</frameRectArray>
</imagePuzzle>
<imagePuzzle>
<type>0</type>
<imagePath>img3.post</imagePath>
<weatherColor/>
<frameRectArray>
<frameRect>{{283,738},{517,150}}</frameRect>
</frameRectArray>
</imagePuzzle>
<imagePuzzle>
<type>0</type>
<imagePath>img4.post</imagePath>
<weatherColor/>
<frameRectArray>
<frameRect>{{413,939},{387,261}}</frameRect>
</frameRectArray>
</imagePuzzle>
<imagePuzzle>
<type>0</type>
<imagePath>img2.post</imagePath>
<weatherColor/>
<frameRectArray>
<frameRect>{{414,62},{373,664}}</frameRect>
</frameRectArray>
</imagePuzzle>
<imagePuzzle>
<type>0</type>
<imagePath>img5.post</imagePath>
<weatherColor/>
<frameRectArray>
<frameRect>{{411,24},{377,76}}</frameRect>
</frameRectArray>
</imagePuzzle>
</imagePuzzlePieces>
<textPuzzlePieces>
<textPuzzle>
<type>0</type>
<text>SWEET LOVE ALL OVER ME </text>
<format/>
<language/>
<align>0</align>
<caseString>0</caseString>
<editable>true</editable>
<font/>
<maximumFontSize>28.000000</maximumFontSize>
<minimumFontSize>28.000000</minimumFontSize>
<color>#000000FF</color>
<isShadow>false</isShadow>
<shadowOffset/>
<shadowColor/>
<maxCount>22</maxCount>
<frameRectArray>
<frameRect>{{413,102},{387,48}}</frameRect>
</frameRectArray>
</textPuzzle>
</textPuzzlePieces>
</puzzle>
