<?xml version="1.0" encoding="utf-8"?>
<puzzle>
<resId>200310001</resId>
<version>1</version>
<name>阿美C1-1</name>
<iconPath>thumbnail.post</iconPath>
<width>1000</width>
<height>1500</height>
<photoAmount>1</photoAmount>
<formatAmount>1</formatAmount>
<backgroundColor>#f5f6f1FF</backgroundColor>
<backgroundImagePath/>
<backgroundTile/>
<photoPuzzlePieces>
<photoPuzzle>
<maskPath/>
<filterPath/>
<backgroundImagePath/>
<backgroundImageInnerFrame/>
<frameRectArray>
<frameRect>{{0,194},{1000,784}}</frameRect>
</frameRectArray>
</photoPuzzle>
</photoPuzzlePieces>
<imagePuzzlePieces>
<imagePuzzle>
<type>0</type>
<imagePath>img1.post</imagePath>
<weatherColor/>
<frameRectArray>
<frameRect>{{350,1420},{300,54}}</frameRect>
</frameRectArray>
</imagePuzzle>
<imagePuzzle>
<type>0</type>
<imagePath>img2.post</imagePath>
<weatherColor/>
<frameRectArray>
<frameRect>{{45,87},{149,165}}</frameRect>
</frameRectArray>
</imagePuzzle>
<imagePuzzle>
<type>0</type>
<imagePath>img3.post</imagePath>
<weatherColor/>
<frameRectArray>
<frameRect>{{871,863},{90,293}}</frameRect>
</frameRectArray>
</imagePuzzle>
</imagePuzzlePieces>
<textPuzzlePieces>
<textPuzzle>
<type>0</type>
<text>光</text>
<format/>
<language/>
<align>1</align>
<caseString>0</caseString>
<editable>true</editable>
<useCustomFont>false</useCustomFont>
<font>SystemFont</font>
<fontTextImagePath/>
<maximumFontSize>56.000000</maximumFontSize>
<minimumFontSize>45.000000</minimumFontSize>
<color>#565656FF</color>
<isShadow>false</isShadow>
<shadowOffset/>
<shadowColor/>
<maxCount>2</maxCount>
<frameRectArray>
<frameRect>{{89,108},{60,58}}</frameRect>
</frameRectArray>
</textPuzzle>
<textPuzzle>
<type>0</type>
<text>影</text>
<format/>
<language/>
<align>1</align>
<caseString>0</caseString>
<editable>true</editable>
<useCustomFont>false</useCustomFont>
<font>SystemFont</font>
<fontTextImagePath/>
<maximumFontSize>56.000000</maximumFontSize>
<minimumFontSize>45.000000</minimumFontSize>
<color>#565656FF</color>
<isShadow>false</isShadow>
<shadowOffset/>
<shadowColor/>
<maxCount>2</maxCount>
<frameRectArray>
<frameRect>{{891,1080},{51,49}}</frameRect>
</frameRectArray>
</textPuzzle>
</textPuzzlePieces>
</puzzle>
