<?xml version="1.0" encoding="utf-8"?>
<puzzle>
<resId>200310010</resId>
<version>1</version>
<name>xiaoeC3-1</name>
<iconPath>thumbnail.post</iconPath>
<width>1000</width>
<height>1500</height>
<photoAmount>1</photoAmount>
<formatAmount>1</formatAmount>
<backgroundColor/>
<backgroundImagePath>bg.post</backgroundImagePath>
<backgroundTile>false</backgroundTile>
<photoPuzzlePieces>
<photoPuzzle>
<maskPath/>
<filterPath/>
<backgroundImagePath/>
<backgroundImageInnerFrame/>
<frameRectArray>
<frameRect>{{58,595},{878,753}}</frameRect>
</frameRectArray>
</photoPuzzle>
</photoPuzzlePieces>
<imagePuzzlePieces/>
<textPuzzlePieces>
<textPuzzle>
<type>2</type>
<text>{@}</text>
<format>c4</format>
<language>en_US</language>
<align>2</align>
<caseString>1</caseString>
<editable>true</editable>
<useCustomFont>false</useCustomFont>
<font>Verdana</font>
<fontTextImagePath/>
<maximumFontSize>30.000000</maximumFontSize>
<minimumFontSize>15.000000</minimumFontSize>
<color>#eaba28FF</color>
<isShadow>false</isShadow>
<shadowOffset/>
<shadowColor/>
<maxCount>20</maxCount>
<frameRectArray>
<frameRect>{{586,21},{394,58}}</frameRect>
</frameRectArray>
</textPuzzle>
<textPuzzle>
<type>0</type>
<text>STARRY STARRY</text>
<format/>
<language/>
<align>1</align>
<caseString>0</caseString>
<editable>true</editable>
<useCustomFont>false</useCustomFont>
<font>Georgia</font>
<fontTextImagePath/>
<maximumFontSize>58.000000</maximumFontSize>
<minimumFontSize>35.000000</minimumFontSize>
<color>#eaba28FF</color>
<isShadow>false</isShadow>
<shadowOffset/>
<shadowColor/>
<maxCount>18</maxCount>
<frameRectArray>
<frameRect>{{228,208},{544,71}}</frameRect>
</frameRectArray>
</textPuzzle>
<textPuzzle>
<type>0</type>
<text>NIGHT</text>
<format/>
<language/>
<align>1</align>
<caseString>0</caseString>
<editable>true</editable>
<useCustomFont>false</useCustomFont>
<font>Georgia</font>
<fontTextImagePath/>
<maximumFontSize>58.000000</maximumFontSize>
<minimumFontSize>30.000000</minimumFontSize>
<color>#eaba28FF</color>
<isShadow>false</isShadow>
<shadowOffset/>
<shadowColor/>
<maxCount>15</maxCount>
<frameRectArray>
<frameRect>{{228,279},{544,65}}</frameRect>
</frameRectArray>
</textPuzzle>
</textPuzzlePieces>
</puzzle>
