<?xml version="1.0" encoding="utf-8"?>
<puzzle>
<resId>200320031</resId>
<version>1</version>
<name>时间都去哪了</name>
<iconPath>thumbnail.post</iconPath>
<width>1000</width>
<height>1500</height>
<photoAmount>2</photoAmount>
<formatAmount>1</formatAmount>
<backgroundColor>#ffffffFF</backgroundColor>
<backgroundImagePath/>
<backgroundTile/>
<photoPuzzlePieces>
<photoPuzzle>
<maskPath/>
<filterPath/>
<backgroundImagePath/>
<backgroundImageInnerFrame/>
<frameRectArray>
<frameRect>{{24,24},{954,1452}}</frameRect>
</frameRectArray>
</photoPuzzle>
<photoPuzzle>
<maskPath>mask.post</maskPath>
<filterPath>100021.FilterOnline</filterPath>
<backgroundImagePath>block-bg.post</backgroundImagePath>
<backgroundImageInnerFrame>{{-29,-20},{735,1009}}</backgroundImageInnerFrame>
<frameRectArray>
<frameRect>{{188,442},{671,954}}</frameRect>
</frameRectArray>
</photoPuzzle>
</photoPuzzlePieces>
<imagePuzzlePieces>
<imagePuzzle>
<type>0</type>
<imagePath>img.post</imagePath>
<weatherColor/>
<frameRectArray>
<frameRect>{{0,0},{1000,1500}}</frameRect>
</frameRectArray>
</imagePuzzle>
</imagePuzzlePieces>
<textPuzzlePieces/>
</puzzle>
