<?xml version="1.0" encoding="utf-8"?>
<puzzle>
<resId>200120029</resId>
<version>1</version>
<name>小苹果B1-2</name>
<iconPath>thumbnail.post</iconPath>
<width>800</width>
<height>1200</height>
<photoAmount>2</photoAmount>
<formatAmount>1</formatAmount>
<backgroundColor/>
<backgroundImagePath>bg.post</backgroundImagePath>
<backgroundTile>false</backgroundTile>
<photoPuzzlePieces>
<photoPuzzle>
<maskPath>mask2.post</maskPath>
<filterPath/>
<backgroundImagePath/>
<backgroundImageInnerFrame/>
<frameRectArray>
<frameRect>{{332,234},{468,858}}</frameRect>
</frameRectArray>
</photoPuzzle>
<photoPuzzle>
<maskPath>mask1.post</maskPath>
<filterPath/>
<backgroundImagePath/>
<backgroundImageInnerFrame/>
<frameRectArray>
<frameRect>{{0,126},{478,902}}</frameRect>
</frameRectArray>
</photoPuzzle>
</photoPuzzlePieces>
<imagePuzzlePieces/>
<textPuzzlePieces>
<textPuzzle>
<type>0</type>
<text>Delicious</text>
<format/>
<language/>
<align>1</align>
<caseString>0</caseString>
<editable>true</editable>
<font>SnellRoundhand</font>
<maximumFontSize>88.000000</maximumFontSize>
<minimumFontSize>50.000000</minimumFontSize>
<color>#e50a15FF</color>
<isShadow>false</isShadow>
<shadowOffset/>
<shadowColor/>
<maxCount>12</maxCount>
<frameRectArray>
<frameRect>{{377,110},{342,116}}</frameRect>
</frameRectArray>
</textPuzzle>
<textPuzzle>
<type>2</type>
<text>{@}</text>
<format>c3</format>
<language>en_US</language>
<align>2</align>
<caseString>3</caseString>
<editable>true</editable>
<font>Didot</font>
<maximumFontSize>36.000000</maximumFontSize>
<minimumFontSize>18.000000</minimumFontSize>
<color>#ffffffFF</color>
<isShadow>false</isShadow>
<shadowOffset/>
<shadowColor/>
<maxCount>20</maxCount>
<frameRectArray>
<frameRect>{{94,1112},{169,64}}</frameRect>
</frameRectArray>
</textPuzzle>
<textPuzzle>
<type>1</type>
<text>{@}</text>
<format>yyyy.MM.dd</format>
<language>en_US</language>
<align>0</align>
<caseString>1</caseString>
<editable>true</editable>
<font>SystemFont</font>
<maximumFontSize>20.000000</maximumFontSize>
<minimumFontSize>20.000000</minimumFontSize>
<color>#000000FF</color>
<isShadow>false</isShadow>
<shadowOffset/>
<shadowColor/>
<maxCount>10</maxCount>
<frameRectArray>
<frameRect>{{55,27},{174,32}}</frameRect>
</frameRectArray>
</textPuzzle>
</textPuzzlePieces>
</puzzle>
