<?xml version="1.0" encoding="utf-8"?>
<puzzle>
<resId>200230019</resId>
<version>1</version>
<name>didi10-3</name>
<iconPath>thumbnail.post</iconPath>
<width>800</width>
<height>1200</height>
<photoAmount>3</photoAmount>
<formatAmount>1</formatAmount>
<backgroundColor>#ffffffFF</backgroundColor>
<backgroundImagePath/>
<backgroundTile/>
<photoPuzzlePieces>
<photoPuzzle>
<maskPath>mask3.post</maskPath>
<filterPath/>
<backgroundImagePath/>
<backgroundImageInnerFrame/>
<frameRectArray>
<frameRect>{{0,554},{398,524}}</frameRect>
</frameRectArray>
</photoPuzzle>
<photoPuzzle>
<maskPath>mask2.post</maskPath>
<filterPath/>
<backgroundImagePath/>
<backgroundImageInnerFrame/>
<frameRectArray>
<frameRect>{{401,554},{399,525}}</frameRect>
</frameRectArray>
</photoPuzzle>
<photoPuzzle>
<maskPath>mask1.post</maskPath>
<filterPath/>
<backgroundImagePath/>
<backgroundImageInnerFrame/>
<frameRectArray>
<frameRect>{{0,0},{800,610}}</frameRect>
</frameRectArray>
</photoPuzzle>
</photoPuzzlePieces>
<imagePuzzlePieces>
<imagePuzzle>
<type>0</type>
<imagePath>img1.post</imagePath>
<weatherColor/>
<frameRectArray>
<frameRect>{{0,0},{800,1200}}</frameRect>
</frameRectArray>
</imagePuzzle>
</imagePuzzlePieces>
<textPuzzlePieces/>
</puzzle>
