<?xml version="1.0" encoding="utf-8"?>
<puzzle>
<resId>200320013</resId>
<version>1</version>
<name>宁宁</name>
<iconPath>thumbnail.post</iconPath>
<width>1000</width>
<height>1500</height>
<photoAmount>2</photoAmount>
<formatAmount>1</formatAmount>
<backgroundColor/>
<backgroundImagePath>bg.post</backgroundImagePath>
<backgroundTile>false</backgroundTile>
<photoPuzzlePieces>
<photoPuzzle>
<maskPath>mask2.post</maskPath>
<filterPath/>
<backgroundImagePath/>
<backgroundImageInnerFrame/>
<frameRectArray>
<frameRect>{{75,729},{925,731}}</frameRect>
</frameRectArray>
</photoPuzzle>
<photoPuzzle>
<maskPath>mask1.post</maskPath>
<filterPath/>
<backgroundImagePath/>
<backgroundImageInnerFrame/>
<frameRectArray>
<frameRect>{{0,122},{680,542}}</frameRect>
</frameRectArray>
</photoPuzzle>
</photoPuzzlePieces>
<imagePuzzlePieces/>
<textPuzzlePieces>
<textPuzzle>
<type>0</type>
<text>幸福</text>
<format/>
<language/>
<align>1</align>
<caseString>0</caseString>
<editable>true</editable>
<useCustomFont>true</useCustomFont>
<font>FZMWJW--GB1-0</font>
<fontTextImagePath>font1.post</fontTextImagePath>
<maximumFontSize>103.000000</maximumFontSize>
<minimumFontSize>100.000000</minimumFontSize>
<color>#c0c0c0FF</color>
<isShadow>false</isShadow>
<shadowOffset/>
<shadowColor/>
<maxCount>4</maxCount>
<frameRectArray>
<frameRect>{{680,468},{218,117}}</frameRect>
</frameRectArray>
</textPuzzle>
<textPuzzle>
<type>0</type>
<text>时光</text>
<format/>
<language/>
<align>1</align>
<caseString>0</caseString>
<editable>true</editable>
<useCustomFont>true</useCustomFont>
<font>FZMWJW--GB1-0</font>
<fontTextImagePath>font2.post</fontTextImagePath>
<maximumFontSize>104.000000</maximumFontSize>
<minimumFontSize>100.000000</minimumFontSize>
<color>#c0c0c0FF</color>
<isShadow>false</isShadow>
<shadowOffset/>
<shadowColor/>
<maxCount>4</maxCount>
<frameRectArray>
<frameRect>{{680,585},{201,101}}</frameRect>
</frameRectArray>
</textPuzzle>
</textPuzzlePieces>
</puzzle>
