<?xml version="1.0" encoding="utf-8"?>
<puzzle>
<resId>200130038</resId>
<version>1</version>
<name>西瓜B5.1-3</name>
<iconPath>thumbnail.post</iconPath>
<width>800</width>
<height>1200</height>
<photoAmount>3</photoAmount>
<formatAmount>1</formatAmount>
<backgroundColor/>
<backgroundImagePath>bg.post</backgroundImagePath>
<backgroundTile>false</backgroundTile>
<photoPuzzlePieces>
<photoPuzzle>
<maskPath>mask3.post</maskPath>
<filterPath/>
<backgroundImagePath/>
<backgroundImageInnerFrame/>
<frameRectArray>
<frameRect>{{0,831},{800,369}}</frameRect>
</frameRectArray>
</photoPuzzle>
<photoPuzzle>
<maskPath>mask2.post</maskPath>
<filterPath/>
<backgroundImagePath/>
<backgroundImageInnerFrame/>
<frameRectArray>
<frameRect>{{0,478},{621,380}}</frameRect>
</frameRectArray>
</photoPuzzle>
<photoPuzzle>
<maskPath>mask1.post</maskPath>
<filterPath/>
<backgroundImagePath/>
<backgroundImageInnerFrame/>
<frameRectArray>
<frameRect>{{0,119},{800,395}}</frameRect>
</frameRectArray>
</photoPuzzle>
</photoPuzzlePieces>
<imagePuzzlePieces>
<imagePuzzle>
<type>0</type>
<imagePath>img1.post</imagePath>
<weatherColor/>
<frameRectArray>
<frameRect>{{627,642},{58,24}}</frameRect>
</frameRectArray>
</imagePuzzle>
</imagePuzzlePieces>
<textPuzzlePieces>
<textPuzzle>
<type>1</type>
<text>{@}</text>
<format>MMM</format>
<language>en_US</language>
<align>1</align>
<caseString>1</caseString>
<editable>true</editable>
<font>Avenir-Black</font>
<maximumFontSize>21.000000</maximumFontSize>
<minimumFontSize>21.000000</minimumFontSize>
<color>#ffffffFF</color>
<isShadow>false</isShadow>
<shadowOffset/>
<shadowColor/>
<maxCount>4</maxCount>
<frameRectArray>
<frameRect>{{10,19},{97,28}}</frameRect>
</frameRectArray>
</textPuzzle>
<textPuzzle>
<type>1</type>
<text>{@}</text>
<format>dd</format>
<language>en_US</language>
<align>1</align>
<caseString>1</caseString>
<editable>true</editable>
<font>Avenir-Black</font>
<maximumFontSize>64.000000</maximumFontSize>
<minimumFontSize>64.000000</minimumFontSize>
<color>#6edefeFF</color>
<isShadow>false</isShadow>
<shadowOffset/>
<shadowColor/>
<maxCount>2</maxCount>
<frameRectArray>
<frameRect>{{10,47},{97,70}}</frameRect>
</frameRectArray>
</textPuzzle>
<textPuzzle>
<type>0</type>
<text>Los Angeles</text>
<format/>
<language/>
<align>0</align>
<caseString>0</caseString>
<editable>true</editable>
<font>Avenir-Black</font>
<maximumFontSize>19.000000</maximumFontSize>
<minimumFontSize>19.000000</minimumFontSize>
<color>#77797bFF</color>
<isShadow>false</isShadow>
<shadowOffset/>
<shadowColor/>
<maxCount>20</maxCount>
<frameRectArray>
<frameRect>{{628,549},{158,31}}</frameRect>
</frameRectArray>
</textPuzzle>
<textPuzzle>
<type>0</type>
<text>Barcelona</text>
<format/>
<language/>
<align>0</align>
<caseString>0</caseString>
<editable>true</editable>
<font>Avenir-Black</font>
<maximumFontSize>19.000000</maximumFontSize>
<minimumFontSize>19.000000</minimumFontSize>
<color>#77797bFF</color>
<isShadow>false</isShadow>
<shadowOffset/>
<shadowColor/>
<maxCount>20</maxCount>
<frameRectArray>
<frameRect>{{628,591},{158,31}}</frameRect>
</frameRectArray>
</textPuzzle>
<textPuzzle>
<type>1</type>
<text>{@}</text>
<format>HH:mm</format>
<language>zh_CN</language>
<align>0</align>
<caseString>1</caseString>
<editable>true</editable>
<font>Avenir-Black</font>
<maximumFontSize>19.000000</maximumFontSize>
<minimumFontSize>19.000000</minimumFontSize>
<color>#77797bFF</color>
<isShadow>false</isShadow>
<shadowOffset/>
<shadowColor/>
<maxCount>6</maxCount>
<frameRectArray>
<frameRect>{{690,643},{75,24}}</frameRect>
</frameRectArray>
</textPuzzle>
</textPuzzlePieces>
</puzzle>
