<?xml version="1.0" encoding="utf-8"?>
<puzzle>
<resId>200120012</resId>
<version>1</version>
<name>lee7.1-2</name>
<iconPath>thumbnail.post</iconPath>
<width>800</width>
<height>1200</height>
<photoAmount>2</photoAmount>
<formatAmount>1</formatAmount>
<backgroundColor/>
<backgroundImagePath>bg1.post</backgroundImagePath>
<backgroundTile>false</backgroundTile>
<photoPuzzlePieces>
<photoPuzzle>
<maskPath>mask1.post</maskPath>
<filterPath/>
<backgroundImagePath>block_bg1.post</backgroundImagePath>
<backgroundImageInnerFrame>{{-25,-1},{772,622}}</backgroundImageInnerFrame>
<frameRectArray>
<frameRect>{{53,370},{731,587}}</frameRect>
</frameRectArray>
</photoPuzzle>
<photoPuzzle>
<maskPath>mask2.post</maskPath>
<filterPath/>
<backgroundImagePath>block_bg2.post</backgroundImagePath>
<backgroundImageInnerFrame>{{-22,0},{787,576}}</backgroundImageInnerFrame>
<frameRectArray>
<frameRect>{{35,0},{765,540}}</frameRect>
</frameRectArray>
</photoPuzzle>
</photoPuzzlePieces>
<imagePuzzlePieces/>
<textPuzzlePieces>
<textPuzzle>
<type>0</type>
<text>Love at first sight</text>
<format/>
<language/>
<align>0</align>
<caseString>0</caseString>
<editable>true</editable>
<font>Georgia</font>
<maximumFontSize>87.000000</maximumFontSize>
<minimumFontSize>72.000000</minimumFontSize>
<color>#be6212FF</color>
<isShadow>true</isShadow>
<shadowOffset>{0.500000,0.870000}</shadowOffset>
<shadowColor>#00000066</shadowColor>
<maxCount>22</maxCount>
<frameRectArray>
<frameRect>{{39,967},{716,106}}</frameRect>
</frameRectArray>
</textPuzzle>
</textPuzzlePieces>
</puzzle>
