<?xml version="1.0" encoding="utf-8"?>
<puzzle>
<resId>200250033</resId>
<version>1</version>
<name>阿花B5-5</name>
<iconPath>thumbnail.post</iconPath>
<width>800</width>
<height>1200</height>
<photoAmount>5</photoAmount>
<formatAmount>1</formatAmount>
<backgroundColor/>
<backgroundImagePath>bg.post</backgroundImagePath>
<backgroundTile>false</backgroundTile>
<photoPuzzlePieces>
<photoPuzzle>
<maskPath/>
<filterPath/>
<backgroundImagePath/>
<backgroundImageInnerFrame/>
<frameRectArray>
<frameRect>{{450,872},{321,250}}</frameRect>
</frameRectArray>
</photoPuzzle>
<photoPuzzle>
<maskPath/>
<filterPath/>
<backgroundImagePath/>
<backgroundImageInnerFrame/>
<frameRectArray>
<frameRect>{{34,553},{362,587}}</frameRect>
</frameRectArray>
</photoPuzzle>
<photoPuzzle>
<maskPath/>
<filterPath/>
<backgroundImagePath/>
<backgroundImageInnerFrame/>
<frameRectArray>
<frameRect>{{477,516},{249,249}}</frameRect>
</frameRectArray>
</photoPuzzle>
<photoPuzzle>
<maskPath/>
<filterPath/>
<backgroundImagePath/>
<backgroundImageInnerFrame/>
<frameRectArray>
<frameRect>{{522,124},{249,308}}</frameRect>
</frameRectArray>
</photoPuzzle>
<photoPuzzle>
<maskPath/>
<filterPath/>
<backgroundImagePath/>
<backgroundImageInnerFrame/>
<frameRectArray>
<frameRect>{{0,61},{464,384}}</frameRect>
</frameRectArray>
</photoPuzzle>
</photoPuzzlePieces>
<imagePuzzlePieces>
<imagePuzzle>
<type>0</type>
<imagePath>img1.post</imagePath>
<weatherColor/>
<frameRectArray>
<frameRect>{{647,443},{153,197}}</frameRect>
</frameRectArray>
</imagePuzzle>
</imagePuzzlePieces>
<textPuzzlePieces>
<textPuzzle>
<type>0</type>
<text>To travel is to live</text>
<format/>
<language/>
<align>1</align>
<caseString>0</caseString>
<editable>true</editable>
<font>Verdana</font>
<maximumFontSize>28.000000</maximumFontSize>
<minimumFontSize>28.000000</minimumFontSize>
<color>#a7a694FF</color>
<isShadow>false</isShadow>
<shadowOffset/>
<shadowColor/>
<maxCount>20</maxCount>
<frameRectArray>
<frameRect>{{61,474},{288,48}}</frameRect>
</frameRectArray>
</textPuzzle>
<textPuzzle>
<type>2</type>
<text>{@}</text>
<format>c4</format>
<language>en_US</language>
<align>0</align>
<caseString>3</caseString>
<editable>true</editable>
<font>Verdana</font>
<maximumFontSize>18.000000</maximumFontSize>
<minimumFontSize>9.000000</minimumFontSize>
<color>#a7a694FF</color>
<isShadow>false</isShadow>
<shadowOffset/>
<shadowColor/>
<maxCount>20</maxCount>
<frameRectArray>
<frameRect>{{557,71},{197,29}}</frameRect>
</frameRectArray>
</textPuzzle>
</textPuzzlePieces>
</puzzle>
