<?xml version="1.0" encoding="utf-8"?>
<puzzle>
<resId>200110028</resId>
<version>1</version>
<name>帅4-1</name>
<iconPath>thumbnail.post</iconPath>
<width>800</width>
<height>1200</height>
<photoAmount>1</photoAmount>
<formatAmount>1</formatAmount>
<backgroundColor>#ffffffFF</backgroundColor>
<backgroundImagePath/>
<backgroundTile/>
<photoPuzzlePieces>
<photoPuzzle>
<maskPath/>
<filterPath/>
<backgroundImagePath/>
<backgroundImageInnerFrame/>
<frameRectArray>
<frameRect>{{0,0},{800,1200}}</frameRect>
</frameRectArray>
</photoPuzzle>
</photoPuzzlePieces>
<imagePuzzlePieces>
<imagePuzzle>
<type>0</type>
<imagePath>img1.post</imagePath>
<weatherColor/>
<frameRectArray>
<frameRect>{{0,0},{133,135}}</frameRect>
</frameRectArray>
</imagePuzzle>
<imagePuzzle>
<type>0</type>
<imagePath>img2.post</imagePath>
<weatherColor/>
<frameRectArray>
<frameRect>{{0,687},{800,513}}</frameRect>
</frameRectArray>
</imagePuzzle>
</imagePuzzlePieces>
<textPuzzlePieces>
<textPuzzle>
<type>0</type>
<text>You can do it too!</text>
<format/>
<language/>
<align>0</align>
<caseString>0</caseString>
<editable>true</editable>
<font>Verdana</font>
<maximumFontSize>37.000000</maximumFontSize>
<minimumFontSize>37.000000</minimumFontSize>
<color>#88888aFF</color>
<isShadow>false</isShadow>
<shadowOffset/>
<shadowColor/>
<maxCount>18</maxCount>
<frameRectArray>
<frameRect>{{20,1069},{385,64}}</frameRect>
</frameRectArray>
</textPuzzle>
<textPuzzle>
<type>0</type>
<text>ART</text>
<format/>
<language/>
<align>1</align>
<caseString>0</caseString>
<editable>true</editable>
<font>Avenir-Black</font>
<maximumFontSize>160.000000</maximumFontSize>
<minimumFontSize>160.000000</minimumFontSize>
<color>#ffffffFF</color>
<isShadow>false</isShadow>
<shadowOffset/>
<shadowColor/>
<maxCount>3</maxCount>
<frameRectArray>
<frameRect>{{415,860},{400,180}}</frameRect>
</frameRectArray>
</textPuzzle>
</textPuzzlePieces>
</puzzle>
