<?xml version="1.0" encoding="utf-8"?>
<puzzle>
<resId>200240031</resId>
<version>1</version>
<name>帅A2.1-4</name>
<iconPath>thumbnail.post</iconPath>
<width>800</width>
<height>1200</height>
<photoAmount>4</photoAmount>
<formatAmount>1</formatAmount>
<backgroundColor/>
<backgroundImagePath>bg.post</backgroundImagePath>
<backgroundTile>false</backgroundTile>
<photoPuzzlePieces>
<photoPuzzle>
<maskPath>mask4.post</maskPath>
<filterPath/>
<backgroundImagePath>block_bg4.post</backgroundImagePath>
<backgroundImageInnerFrame>{{-30,-22},{462,505}}</backgroundImageInnerFrame>
<frameRectArray>
<frameRect>{{39,638},{403,397}}</frameRect>
</frameRectArray>
</photoPuzzle>
<photoPuzzle>
<maskPath>mask3.post</maskPath>
<filterPath/>
<backgroundImagePath>block_bg3.post</backgroundImagePath>
<backgroundImageInnerFrame>{{-26,-27},{400,442}}</backgroundImageInnerFrame>
<frameRectArray>
<frameRect>{{429,757},{359,345}}</frameRect>
</frameRectArray>
</photoPuzzle>
<photoPuzzle>
<maskPath>mask2.post</maskPath>
<filterPath/>
<backgroundImagePath>block_bg2.post</backgroundImagePath>
<backgroundImageInnerFrame>{{-13,-36},{335,403}}</backgroundImageInnerFrame>
<frameRectArray>
<frameRect>{{464,267},{303,295}}</frameRect>
</frameRectArray>
</photoPuzzle>
<photoPuzzle>
<maskPath>mask1.post</maskPath>
<filterPath/>
<backgroundImagePath>block_bg1.post</backgroundImagePath>
<backgroundImageInnerFrame>{{-30,0},{462,502}}</backgroundImageInnerFrame>
<frameRectArray>
<frameRect>{{39,114},{412,423}}</frameRect>
</frameRectArray>
</photoPuzzle>
</photoPuzzlePieces>
<imagePuzzlePieces>
<imagePuzzle>
<type>0</type>
<imagePath>img1.post</imagePath>
<weatherColor/>
<frameRectArray>
<frameRect>{{0,0},{800,1200}}</frameRect>
</frameRectArray>
</imagePuzzle>
</imagePuzzlePieces>
<textPuzzlePieces/>
</puzzle>
