<?xml version="1.0" encoding="utf-8"?>
<puzzle>
<resId>200320022</resId>
<version>1</version>
<name>LeeC6-2</name>
<iconPath>thumbnail.post</iconPath>
<width>1000</width>
<height>1500</height>
<photoAmount>2</photoAmount>
<formatAmount>1</formatAmount>
<backgroundColor/>
<backgroundImagePath>bg.post</backgroundImagePath>
<backgroundTile>false</backgroundTile>
<photoPuzzlePieces>
<photoPuzzle>
<maskPath/>
<filterPath/>
<backgroundImagePath/>
<backgroundImageInnerFrame/>
<frameRectArray>
<frameRect>{{29,868},{752,462}}</frameRect>
</frameRectArray>
</photoPuzzle>
<photoPuzzle>
<maskPath/>
<filterPath/>
<backgroundImagePath/>
<backgroundImageInnerFrame/>
<frameRectArray>
<frameRect>{{29,28},{752,778}}</frameRect>
</frameRectArray>
</photoPuzzle>
</photoPuzzlePieces>
<imagePuzzlePieces/>
<textPuzzlePieces>
<textPuzzle>
<type>0</type>
<text>photographer</text>
<format/>
<language/>
<align>2</align>
<caseString>0</caseString>
<editable>true</editable>
<useCustomFont>false</useCustomFont>
<font>Arial</font>
<fontTextImagePath/>
<maximumFontSize>19.690000</maximumFontSize>
<minimumFontSize>19.690000</minimumFontSize>
<color>#000000FF</color>
<isShadow>false</isShadow>
<shadowOffset/>
<shadowColor/>
<maxCount>26</maxCount>
<frameRectArray>
<frameRect>{{201,1382},{281,21}}</frameRect>
</frameRectArray>
</textPuzzle>
<textPuzzle>
<type>0</type>
<text>stylist</text>
<format/>
<language/>
<align>2</align>
<caseString>0</caseString>
<editable>true</editable>
<useCustomFont>false</useCustomFont>
<font>Arial</font>
<fontTextImagePath/>
<maximumFontSize>19.690000</maximumFontSize>
<minimumFontSize>19.690000</minimumFontSize>
<color>#000000FF</color>
<isShadow>false</isShadow>
<shadowOffset/>
<shadowColor/>
<maxCount>26</maxCount>
<frameRectArray>
<frameRect>{{201,1411},{281,22}}</frameRect>
</frameRectArray>
</textPuzzle>
<textPuzzle>
<type>0</type>
<text>Michale Donvan</text>
<format/>
<language/>
<align>0</align>
<caseString>0</caseString>
<editable>true</editable>
<useCustomFont>false</useCustomFont>
<font>Didot</font>
<fontTextImagePath/>
<maximumFontSize>19.690000</maximumFontSize>
<minimumFontSize>19.690000</minimumFontSize>
<color>#00000FF</color>
<isShadow>false</isShadow>
<shadowOffset/>
<shadowColor/>
<maxCount>28</maxCount>
<frameRectArray>
<frameRect>{{494,1382},{287,21}}</frameRect>
</frameRectArray>
</textPuzzle>
<textPuzzle>
<type>0</type>
<text>Lisa Jarvis</text>
<format/>
<language/>
<align>0</align>
<caseString>0</caseString>
<editable>true</editable>
<useCustomFont>false</useCustomFont>
<font>Didot</font>
<fontTextImagePath/>
<maximumFontSize>19.690000</maximumFontSize>
<minimumFontSize>19.690000</minimumFontSize>
<color>#00000FF</color>
<isShadow>false</isShadow>
<shadowOffset/>
<shadowColor/>
<maxCount>28</maxCount>
<frameRectArray>
<frameRect>{{494,1411},{287,22}}</frameRect>
</frameRectArray>
</textPuzzle>
</textPuzzlePieces>
</puzzle>
