<?xml version="1.0" encoding="utf-8"?>
<puzzle>
<resId>200230053</resId>
<version>1</version>
<name>宁宁sd-3</name>
<iconPath>thumbnail.post</iconPath>
<width>1000</width>
<height>1500</height>
<photoAmount>3</photoAmount>
<formatAmount>1</formatAmount>
<backgroundColor>#ffcbd7FF</backgroundColor>
<backgroundImagePath/>
<backgroundTile/>
<photoPuzzlePieces>
<photoPuzzle>
<maskPath>mask3.post</maskPath>
<filterPath/>
<backgroundImagePath>block_bg3.post</backgroundImagePath>
<backgroundImageInnerFrame>{{-13,-17},{578,668}}</backgroundImageInnerFrame>
<frameRectArray>
<frameRect>{{41,692},{523,547}}</frameRect>
</frameRectArray>
</photoPuzzle>
<photoPuzzle>
<maskPath>mask2.post</maskPath>
<filterPath/>
<backgroundImagePath>block_bg2.post</backgroundImagePath>
<backgroundImageInnerFrame>{{-16,-15},{513,610}}</backgroundImageInnerFrame>
<frameRectArray>
<frameRect>{{492,431},{462,489}}</frameRect>
</frameRectArray>
</photoPuzzle>
<photoPuzzle>
<maskPath>mask1.post</maskPath>
<filterPath/>
<backgroundImagePath>block_bg1.post</backgroundImagePath>
<backgroundImageInnerFrame>{{-26,-14},{465,560}}</backgroundImageInnerFrame>
<frameRectArray>
<frameRect>{{89,116},{420,446}}</frameRect>
</frameRectArray>
</photoPuzzle>
</photoPuzzlePieces>
<imagePuzzlePieces>
<imagePuzzle>
<type>0</type>
<imagePath>img1.post</imagePath>
<weatherColor/>
<frameRectArray>
<frameRect>{{0,0},{1000,848}}</frameRect>
</frameRectArray>
</imagePuzzle>
<imagePuzzle>
<type>0</type>
<imagePath>img2.post</imagePath>
<weatherColor/>
<frameRectArray>
<frameRect>{{0,848},{1000,652}}</frameRect>
</frameRectArray>
</imagePuzzle>
</imagePuzzlePieces>
<textPuzzlePieces/>
</puzzle>
