<?xml version="1.0" encoding="utf-8"?>
<puzzle>
<resId>200350011</resId>
<version>1</version>
<name>leeC4-5</name>
<iconPath>thumbnail.post</iconPath>
<width>1000</width>
<height>1500</height>
<photoAmount>5</photoAmount>
<formatAmount>1</formatAmount>
<backgroundColor>#ffffffFF</backgroundColor>
<backgroundImagePath/>
<backgroundTile/>
<photoPuzzlePieces>
<photoPuzzle>
<maskPath>mask5.post</maskPath>
<filterPath/>
<backgroundImagePath/>
<backgroundImageInnerFrame/>
<frameRectArray>
<frameRect>{{290,529},{406,459}}</frameRect>
</frameRectArray>
</photoPuzzle>
<photoPuzzle>
<maskPath>mask4.post</maskPath>
<filterPath/>
<backgroundImagePath/>
<backgroundImageInnerFrame/>
<frameRectArray>
<frameRect>{{531,780},{406,459}}</frameRect>
</frameRectArray>
</photoPuzzle>
<photoPuzzle>
<maskPath>mask3.post</maskPath>
<filterPath/>
<backgroundImagePath/>
<backgroundImageInnerFrame/>
<frameRectArray>
<frameRect>{{43,780},{406,459}}</frameRect>
</frameRectArray>
</photoPuzzle>
<photoPuzzle>
<maskPath>mask2.post</maskPath>
<filterPath/>
<backgroundImagePath/>
<backgroundImageInnerFrame/>
<frameRectArray>
<frameRect>{{531,260},{406,459}}</frameRect>
</frameRectArray>
</photoPuzzle>
<photoPuzzle>
<maskPath>mask1.post</maskPath>
<filterPath/>
<backgroundImagePath/>
<backgroundImageInnerFrame/>
<frameRectArray>
<frameRect>{{43,260},{406,459}}</frameRect>
</frameRectArray>
</photoPuzzle>
</photoPuzzlePieces>
<imagePuzzlePieces>
<imagePuzzle>
<type>0</type>
<imagePath>img1.post</imagePath>
<weatherColor/>
<frameRectArray>
<frameRect>{{0,0},{1000,1500}}</frameRect>
</frameRectArray>
</imagePuzzle>
</imagePuzzlePieces>
<textPuzzlePieces/>
</puzzle>
