<?xml version="1.0" encoding="utf-8"?>
<puzzle>
<resId>200140008</resId>
<version>1</version>
<name>Ben2.3-4</name>
<iconPath>thumbnail.post</iconPath>
<width>800</width>
<height>1200</height>
<photoAmount>4</photoAmount>
<formatAmount>1</formatAmount>
<backgroundColor>#ffffffFF</backgroundColor>
<backgroundImagePath/>
<backgroundTile/>
<photoPuzzlePieces>
<photoPuzzle>
<maskPath/>
<filterPath/>
<backgroundImagePath/>
<backgroundImageInnerFrame/>
<frameRectArray>
<frameRect>{{315,682},{457,469}}</frameRect>
</frameRectArray>
</photoPuzzle>
<photoPuzzle>
<maskPath/>
<filterPath/>
<backgroundImagePath/>
<backgroundImageInnerFrame/>
<frameRectArray>
<frameRect>{{29,749},{268,402}}</frameRect>
</frameRectArray>
</photoPuzzle>
<photoPuzzle>
<maskPath/>
<filterPath/>
<backgroundImagePath/>
<backgroundImageInnerFrame/>
<frameRectArray>
<frameRect>{{315,85},{457,580}}</frameRect>
</frameRectArray>
</photoPuzzle>
<photoPuzzle>
<maskPath/>
<filterPath/>
<backgroundImagePath/>
<backgroundImageInnerFrame/>
<frameRectArray>
<frameRect>{{29,411},{268,319}}</frameRect>
</frameRectArray>
</photoPuzzle>
</photoPuzzlePieces>
<imagePuzzlePieces>
<imagePuzzle>
<type>0</type>
<imagePath>img1.post</imagePath>
<weatherColor/>
<frameRectArray>
<frameRect>{{0,0},{800,1200}}</frameRect>
</frameRectArray>
</imagePuzzle>
<imagePuzzle>
<type>1</type>
<imagePath/>
<weatherColor>#000000FF</weatherColor>
<frameRectArray>
<frameRect>{{27,82},{113,113}}</frameRect>
</frameRectArray>
</imagePuzzle>
</imagePuzzlePieces>
<textPuzzlePieces>
<textPuzzle>
<type>1</type>
<text>{@}</text>
<format>MM/dd</format>
<language>zh_CN</language>
<align>0</align>
<caseString>1</caseString>
<editable>true</editable>
<font>SystemFont</font>
<maximumFontSize>40.000000</maximumFontSize>
<minimumFontSize>25.000000</minimumFontSize>
<color>#000000FF</color>
<isShadow>false</isShadow>
<shadowOffset/>
<shadowColor/>
<maxCount>20</maxCount>
<frameRectArray>
<frameRect>{{36,188},{96,52}}</frameRect>
</frameRectArray>
</textPuzzle>
<textPuzzle>
<type>4</type>
<text>{@}℃</text>
<format/>
<language/>
<align>0</align>
<caseString>0</caseString>
<editable>true</editable>
<font>SystemFont</font>
<maximumFontSize>40.000000</maximumFontSize>
<minimumFontSize>25.000000</minimumFontSize>
<color>#000000FF</color>
<isShadow>false</isShadow>
<shadowOffset/>
<shadowColor/>
<maxCount>10</maxCount>
<frameRectArray>
<frameRect>{{141,188},{115,52}}</frameRect>
</frameRectArray>
</textPuzzle>
<textPuzzle>
<type>2</type>
<text>{@}</text>
<format>c4</format>
<language>en_US</language>
<align>0</align>
<caseString>1</caseString>
<editable>true</editable>
<font>Didot</font>
<maximumFontSize>36.000000</maximumFontSize>
<minimumFontSize>18.000000</minimumFontSize>
<color>#000000FF</color>
<isShadow>false</isShadow>
<shadowOffset/>
<shadowColor/>
<maxCount>20</maxCount>
<frameRectArray>
<frameRect>{{36,243},{264,44}}</frameRect>
</frameRectArray>
</textPuzzle>
</textPuzzlePieces>
</puzzle>
