<?xml version="1.0" encoding="utf-8"?>
<puzzle>
<resId>200230051</resId>
<version>1</version>
<name>桃子B6.1-3</name>
<iconPath>thumbnail.post</iconPath>
<width>800</width>
<height>1200</height>
<photoAmount>3</photoAmount>
<formatAmount>1</formatAmount>
<backgroundColor>#ffffffFF</backgroundColor>
<backgroundImagePath/>
<backgroundTile/>
<photoPuzzlePieces>
<photoPuzzle>
<maskPath>mask3.post</maskPath>
<filterPath/>
<backgroundImagePath/>
<backgroundImageInnerFrame/>
<frameRectArray>
<frameRect>{{0,0},{775,505}}</frameRect>
</frameRectArray>
</photoPuzzle>
<photoPuzzle>
<maskPath>mask2.post</maskPath>
<filterPath/>
<backgroundImagePath>block_bg2.post</backgroundImagePath>
<backgroundImageInnerFrame>{{-15,-15},{425,648}}</backgroundImageInnerFrame>
<frameRectArray>
<frameRect>{{390,339},{410,617}}</frameRect>
</frameRectArray>
</photoPuzzle>
<photoPuzzle>
<maskPath>mask1.post</maskPath>
<filterPath/>
<backgroundImagePath>block_bg1.post</backgroundImagePath>
<backgroundImageInnerFrame>{{0,-13},{391,480}}</backgroundImageInnerFrame>
<frameRectArray>
<frameRect>{{0,503},{378,454}}</frameRect>
</frameRectArray>
</photoPuzzle>
</photoPuzzlePieces>
<imagePuzzlePieces>
<imagePuzzle>
<type>0</type>
<imagePath>img.post</imagePath>
<weatherColor/>
<frameRectArray>
<frameRect>{{0,0},{800,1200}}</frameRect>
</frameRectArray>
</imagePuzzle>
</imagePuzzlePieces>
<textPuzzlePieces/>
</puzzle>
