<?xml version="1.0" encoding="utf-8"?>
<puzzle>
<resId>200130029</resId>
<version>1</version>
<name>leeA2-3</name>
<iconPath>thumbnail.post</iconPath>
<width>800</width>
<height>1200</height>
<photoAmount>3</photoAmount>
<formatAmount>1</formatAmount>
<backgroundColor/>
<backgroundImagePath>bg.post</backgroundImagePath>
<backgroundTile>false</backgroundTile>
<photoPuzzlePieces>
<photoPuzzle>
<maskPath>mask3.post</maskPath>
<filterPath/>
<backgroundImagePath>block_bg3.post</backgroundImagePath>
<backgroundImageInnerFrame>{{-10,-10},{311,408}}</backgroundImageInnerFrame>
<frameRectArray>
<frameRect>{{329,766},{288,379}}</frameRect>
</frameRectArray>
</photoPuzzle>
<photoPuzzle>
<maskPath>mask2.post</maskPath>
<filterPath/>
<backgroundImagePath>block_bg2.post</backgroundImagePath>
<backgroundImageInnerFrame>{{-20,-10},{319,408}}</backgroundImageInnerFrame>
<frameRectArray>
<frameRect>{{20,766},{288,379}}</frameRect>
</frameRectArray>
</photoPuzzle>
<photoPuzzle>
<maskPath>mask1.post</maskPath>
<filterPath/>
<backgroundImagePath>block_bg1.post</backgroundImagePath>
<backgroundImageInnerFrame>{{-20,-19},{800,619}}</backgroundImageInnerFrame>
<frameRectArray>
<frameRect>{{20,158},{760,587}}</frameRect>
</frameRectArray>
</photoPuzzle>
</photoPuzzlePieces>
<imagePuzzlePieces>
<imagePuzzle>
<type>1</type>
<imagePath/>
<weatherColor>#ffffffFF</weatherColor>
<frameRectArray>
<frameRect>{{698,901},{88,88}}</frameRect>
</frameRectArray>
</imagePuzzle>
</imagePuzzlePieces>
<textPuzzlePieces>
<textPuzzle>
<type>2</type>
<text>{@}</text>
<format>c4</format>
<language>zh_CN</language>
<align>2</align>
<caseString>1</caseString>
<editable>true</editable>
<font>SystemFont</font>
<maximumFontSize>55.000000</maximumFontSize>
<minimumFontSize>27.500000</minimumFontSize>
<color>#ffffffFF</color>
<isShadow>true</isShadow>
<shadowOffset>{1.000000,0.870000}</shadowOffset>
<shadowColor>#3394b3BF</shadowColor>
<maxCount>20</maxCount>
<frameRectArray>
<frameRect>{{635,770},{142,70}}</frameRect>
</frameRectArray>
</textPuzzle>
<textPuzzle>
<type>2</type>
<text>{@}</text>
<format>c1</format>
<language>zh_CN</language>
<align>2</align>
<caseString>1</caseString>
<editable>true</editable>
<font>SystemFont</font>
<maximumFontSize>55.000000</maximumFontSize>
<minimumFontSize>27.500000</minimumFontSize>
<color>#ffffffFF</color>
<isShadow>true</isShadow>
<shadowOffset>{1.000000,0.870000}</shadowOffset>
<shadowColor>#3394b3BF</shadowColor>
<maxCount>20</maxCount>
<frameRectArray>
<frameRect>{{635,840},{142,61}}</frameRect>
</frameRectArray>
</textPuzzle>
<textPuzzle>
<type>0</type>
<text>Happy</text>
<format/>
<language/>
<align>1</align>
<caseString>0</caseString>
<editable>true</editable>
<font>Arial</font>
<maximumFontSize>90.000000</maximumFontSize>
<minimumFontSize>45.000000</minimumFontSize>
<color>#ffffffFF</color>
<isShadow>false</isShadow>
<shadowOffset/>
<shadowColor/>
<maxCount>10</maxCount>
<frameRectArray>
<frameRect>{{28,23},{261,112}}</frameRect>
</frameRectArray>
</textPuzzle>
<textPuzzle>
<type>0</type>
<text>Today is gonna be a good day</text>
<format/>
<language/>
<align>0</align>
<caseString>0</caseString>
<editable>true</editable>
<font>Arial</font>
<maximumFontSize>34.000000</maximumFontSize>
<minimumFontSize>34.000000</minimumFontSize>
<color>#ffffffFF</color>
<isShadow>false</isShadow>
<shadowOffset/>
<shadowColor/>
<maxCount>29</maxCount>
<frameRectArray>
<frameRect>{{294,79},{486,55}}</frameRect>
</frameRectArray>
</textPuzzle>
</textPuzzlePieces>
</puzzle>
