<?xml version="1.0" encoding="utf-8"?>
<puzzle>
<resId>200340007</resId>
<version>1</version>
<name>梦思C1-4</name>
<iconPath>thumbnail.post</iconPath>
<width>1000</width>
<height>1500</height>
<photoAmount>4</photoAmount>
<formatAmount>1</formatAmount>
<backgroundColor/>
<backgroundImagePath/>
<backgroundTile>false</backgroundTile>
<photoPuzzlePieces>
<photoPuzzle>
<maskPath>mask4.post</maskPath>
<filterPath/>
<backgroundImagePath/>
<backgroundImageInnerFrame/>
<frameRectArray>
<frameRect>{{498,928},{502,572}}</frameRect>
</frameRectArray>
</photoPuzzle>
<photoPuzzle>
<maskPath>mask3.post</maskPath>
<filterPath/>
<backgroundImagePath/>
<backgroundImageInnerFrame/>
<frameRectArray>
<frameRect>{{0,928},{498,572}}</frameRect>
</frameRectArray>
</photoPuzzle>
<photoPuzzle>
<maskPath>mask2.post</maskPath>
<filterPath/>
<backgroundImagePath/>
<backgroundImageInnerFrame/>
<frameRectArray>
<frameRect>{{498,0},{502,569}}</frameRect>
</frameRectArray>
</photoPuzzle>
<photoPuzzle>
<maskPath>mask1.post</maskPath>
<filterPath/>
<backgroundImagePath/>
<backgroundImageInnerFrame/>
<frameRectArray>
<frameRect>{{0,0},{498,569}}</frameRect>
</frameRectArray>
</photoPuzzle>
</photoPuzzlePieces>
<imagePuzzlePieces>
<imagePuzzle>
<type>0</type>
<imagePath>img1.post</imagePath>
<weatherColor/>
<frameRectArray>
<frameRect>{{316,776},{366,84}}</frameRect>
</frameRectArray>
</imagePuzzle>
</imagePuzzlePieces>
<textPuzzlePieces>
<textPuzzle>
<type>0</type>
<text>一个人旅行</text>
<format/>
<language/>
<align>1</align>
<caseString>0</caseString>
<editable>true</editable>
<useCustomFont>true</useCustomFont>
<font>CloudruixiantiGB2.0</font>
<fontTextImagePath>font1.post</fontTextImagePath>
<maximumFontSize>88.000000</maximumFontSize>
<minimumFontSize>60.000000</minimumFontSize>
<color>#474747FF</color>
<isShadow>false</isShadow>
<shadowOffset/>
<shadowColor/>
<maxCount>16</maxCount>
<frameRectArray>
<frameRect>{{152,622},{695,117}}</frameRect>
</frameRectArray>
</textPuzzle>
<textPuzzle>
<type>0</type>
<text>我虽然不曾去过那里，但是它一直在我的旅游单里。</text>
<format/>
<language/>
<align>1</align>
<caseString>0</caseString>
<editable>true</editable>
<useCustomFont>true</useCustomFont>
<font>CloudruixiantiGB2.0</font>
<fontTextImagePath>font2.post</fontTextImagePath>
<maximumFontSize>27.000000</maximumFontSize>
<minimumFontSize>20.000000</minimumFontSize>
<color>#474747FF</color>
<isShadow>false</isShadow>
<shadowOffset/>
<shadowColor/>
<maxCount>50</maxCount>
<frameRectArray>
<frameRect>{{152,739},{695,37}}</frameRect>
</frameRectArray>
</textPuzzle>
</textPuzzlePieces>
</puzzle>
