<?xml version="1.0" encoding="utf-8"?>
<puzzle>
<resId>200240010</resId>
<version>1</version>
<name>番茄10-4</name>
<iconPath>thumbnail.post</iconPath>
<width>800</width>
<height>1200</height>
<photoAmount>4</photoAmount>
<formatAmount>1</formatAmount>
<backgroundColor/>
<backgroundImagePath>bg.post</backgroundImagePath>
<backgroundTile>false</backgroundTile>
<photoPuzzlePieces>
<photoPuzzle>
<maskPath>mask4.post</maskPath>
<filterPath/>
<backgroundImagePath>block_bg4.post</backgroundImagePath>
<backgroundImageInnerFrame>{{-5,-5},{390,390}}</backgroundImageInnerFrame>
<frameRectArray>
<frameRect>{{387,744},{380,379}}</frameRect>
</frameRectArray>
</photoPuzzle>
<photoPuzzle>
<maskPath>mask3.post</maskPath>
<filterPath/>
<backgroundImagePath>block_bg3.post</backgroundImagePath>
<backgroundImageInnerFrame>{{-5,-5},{328,329}}</backgroundImageInnerFrame>
<frameRectArray>
<frameRect>{{15,811},{318,320}}</frameRect>
</frameRectArray>
</photoPuzzle>
<photoPuzzle>
<maskPath>mask2.post</maskPath>
<filterPath/>
<backgroundImagePath>block_bg2.post</backgroundImagePath>
<backgroundImageInnerFrame>{{-6,-5},{676,672}}</backgroundImageInnerFrame>
<frameRectArray>
<frameRect>{{25,250},{665,661}}</frameRect>
</frameRectArray>
</photoPuzzle>
<photoPuzzle>
<maskPath>mask1.post</maskPath>
<filterPath/>
<backgroundImagePath>block_bg1.post</backgroundImagePath>
<backgroundImageInnerFrame>{{-5,-5},{322,321}}</backgroundImageInnerFrame>
<frameRectArray>
<frameRect>{{78,32},{312,310}}</frameRect>
</frameRectArray>
</photoPuzzle>
</photoPuzzlePieces>
<imagePuzzlePieces>
<imagePuzzle>
<type>0</type>
<imagePath>img1.post</imagePath>
<weatherColor/>
<frameRectArray>
<frameRect>{{543,0},{257,377}}</frameRect>
</frameRectArray>
</imagePuzzle>
<imagePuzzle>
<type>0</type>
<imagePath>img2.post</imagePath>
<weatherColor/>
<frameRectArray>
<frameRect>{{319,1147},{158,35}}</frameRect>
</frameRectArray>
</imagePuzzle>
</imagePuzzlePieces>
<textPuzzlePieces/>
</puzzle>
