<?xml version="1.0" encoding="utf-8"?>
<puzzle>
<resId>200130017</resId>
<version>1</version>
<name>西瓜6_02</name>
<iconPath>thumbnail.post</iconPath>
<width>800</width>
<height>1200</height>
<photoAmount>3</photoAmount>
<formatAmount>1</formatAmount>
<backgroundColor>#ffffffFF</backgroundColor>
<backgroundImagePath/>
<backgroundTile/>
<photoPuzzlePieces>
<photoPuzzle>
<maskPath>mask3.post</maskPath>
<filterPath/>
<backgroundImagePath/>
<backgroundImageInnerFrame/>
<frameRectArray>
<frameRect>{{501,735},{299,373}}</frameRect>
</frameRectArray>
</photoPuzzle>
<photoPuzzle>
<maskPath>mask2.post</maskPath>
<filterPath/>
<backgroundImagePath/>
<backgroundImageInnerFrame/>
<frameRectArray>
<frameRect>{{503,0},{299,725}}</frameRect>
</frameRectArray>
</photoPuzzle>
<photoPuzzle>
<maskPath>mask1.post</maskPath>
<filterPath/>
<backgroundImagePath/>
<backgroundImageInnerFrame/>
<frameRectArray>
<frameRect>{{0,0},{603,912}}</frameRect>
</frameRectArray>
</photoPuzzle>
</photoPuzzlePieces>
<imagePuzzlePieces>
<imagePuzzle>
<type>0</type>
<imagePath>img1.post</imagePath>
<weatherColor/>
<frameRectArray>
<frameRect>{{0,0},{800,1200}}</frameRect>
</frameRectArray>
</imagePuzzle>
<imagePuzzle>
<type>1</type>
<imagePath/>
<weatherColor>#7cd6f0FF</weatherColor>
<frameRectArray>
<frameRect>{{36,386},{120,120}}</frameRect>
</frameRectArray>
</imagePuzzle>
<imagePuzzle>
<type>0</type>
<imagePath>img3.post</imagePath>
<weatherColor/>
<frameRectArray>
<frameRect>{{679,1155},{121,45}}</frameRect>
</frameRectArray>
</imagePuzzle>
</imagePuzzlePieces>
<textPuzzlePieces>
<textPuzzle>
<type>0</type>
<text>HAPPY BEE</text>
<format/>
<language/>
<align>0</align>
<caseString>0</caseString>
<editable>true</editable>
<font>Avenir-Black</font>
<maximumFontSize>84.000000</maximumFontSize>
<minimumFontSize>84.000000</minimumFontSize>
<color>#7cd6f0FF</color>
<isShadow>false</isShadow>
<shadowOffset/>
<shadowColor/>
<maxCount>9</maxCount>
<frameRectArray>
<frameRect>{{10,918},{501,86}}</frameRect>
</frameRectArray>
</textPuzzle>
<textPuzzle>
<type>2</type>
<text>{@}</text>
<format>c4</format>
<language>en_US</language>
<align>1</align>
<caseString>1</caseString>
<editable>true</editable>
<font>Avenir-Black</font>
<maximumFontSize>35.000000</maximumFontSize>
<minimumFontSize>17.500000</minimumFontSize>
<color>#7cd6f0FF</color>
<isShadow>false</isShadow>
<shadowOffset/>
<shadowColor/>
<maxCount>20</maxCount>
<frameRectArray>
<frameRect>{{0,518},{219,43}}</frameRect>
</frameRectArray>
</textPuzzle>
<textPuzzle>
<type>4</type>
<text>{@}</text>
<format/>
<language/>
<align>2</align>
<caseString>0</caseString>
<editable>false</editable>
<font>Avenir-BookOblique</font>
<maximumFontSize>70.000000</maximumFontSize>
<minimumFontSize>70.000000</minimumFontSize>
<color>#ffffffFF</color>
<isShadow>false</isShadow>
<shadowOffset/>
<shadowColor/>
<maxCount>0</maxCount>
<frameRectArray>
<frameRect>{{0,572},{128,69}}</frameRect>
</frameRectArray>
</textPuzzle>
</textPuzzlePieces>
</puzzle>
