<?xml version="1.0" encoding="utf-8"?>
<puzzle>
<resId>200150018</resId>
<version>1</version>
<name>西瓜A1-5</name>
<iconPath>thumbnail.post</iconPath>
<width>800</width>
<height>1200</height>
<photoAmount>5</photoAmount>
<formatAmount>1</formatAmount>
<backgroundColor>#ffffffFF</backgroundColor>
<backgroundImagePath/>
<backgroundTile/>
<photoPuzzlePieces>
<photoPuzzle>
<maskPath/>
<filterPath/>
<backgroundImagePath/>
<backgroundImageInnerFrame/>
<frameRectArray>
<frameRect>{{406,735},{372,384}}</frameRect>
</frameRectArray>
</photoPuzzle>
<photoPuzzle>
<maskPath/>
<filterPath/>
<backgroundImagePath/>
<backgroundImageInnerFrame/>
<frameRectArray>
<frameRect>{{587,552},{191,185}}</frameRect>
</frameRectArray>
</photoPuzzle>
<photoPuzzle>
<maskPath/>
<filterPath/>
<backgroundImagePath/>
<backgroundImageInnerFrame/>
<frameRectArray>
<frameRect>{{26,550},{375,569}}</frameRect>
</frameRectArray>
</photoPuzzle>
<photoPuzzle>
<maskPath/>
<filterPath/>
<backgroundImagePath/>
<backgroundImageInnerFrame/>
<frameRectArray>
<frameRect>{{401,172},{374,383}}</frameRect>
</frameRectArray>
</photoPuzzle>
<photoPuzzle>
<maskPath/>
<filterPath/>
<backgroundImagePath/>
<backgroundImageInnerFrame/>
<frameRectArray>
<frameRect>{{26,172},{375,378}}</frameRect>
</frameRectArray>
</photoPuzzle>
</photoPuzzlePieces>
<imagePuzzlePieces>
<imagePuzzle>
<type>0</type>
<imagePath>img1.post</imagePath>
<weatherColor/>
<frameRectArray>
<frameRect>{{0,0},{800,1200}}</frameRect>
</frameRectArray>
</imagePuzzle>
</imagePuzzlePieces>
<textPuzzlePieces>
<textPuzzle>
<type>1</type>
<text>{@}</text>
<format>MMM</format>
<language>en_US</language>
<align>1</align>
<caseString>1</caseString>
<editable>true</editable>
<font>Avenir-Black</font>
<maximumFontSize>37.000000</maximumFontSize>
<minimumFontSize>30.000000</minimumFontSize>
<color>#a3241dFF</color>
<isShadow>false</isShadow>
<shadowOffset/>
<shadowColor/>
<maxCount>4</maxCount>
<frameRectArray>
<frameRect>{{181,86},{97,64}}</frameRect>
</frameRectArray>
</textPuzzle>
<textPuzzle>
<type>1</type>
<text>{@}</text>
<format>dd</format>
<language>en_US</language>
<align>0</align>
<caseString>1</caseString>
<editable>true</editable>
<font>Avenir-Black</font>
<maximumFontSize>90.000000</maximumFontSize>
<minimumFontSize>60.000000</minimumFontSize>
<color>#a3241dFF</color>
<isShadow>false</isShadow>
<shadowOffset/>
<shadowColor/>
<maxCount>2</maxCount>
<frameRectArray>
<frameRect>{{401,64},{120,97}}</frameRect>
</frameRectArray>
</textPuzzle>
</textPuzzlePieces>
</puzzle>
