<?xml version="1.0" encoding="utf-8"?>
<puzzle>
<resId>200150011</resId>
<version>1</version>
<name>didi11-5</name>
<iconPath>thumbnail.post</iconPath>
<width>800</width>
<height>1200</height>
<photoAmount>5</photoAmount>
<formatAmount>1</formatAmount>
<backgroundColor>#e12822FF</backgroundColor>
<backgroundImagePath/>
<backgroundTile/>
<photoPuzzlePieces>
<photoPuzzle>
<maskPath>mask5.post</maskPath>
<filterPath/>
<backgroundImagePath/>
<backgroundImageInnerFrame/>
<frameRectArray>
<frameRect>{{138,866},{575,334}}</frameRect>
</frameRectArray>
</photoPuzzle>
<photoPuzzle>
<maskPath>mask4.post</maskPath>
<filterPath/>
<backgroundImagePath/>
<backgroundImageInnerFrame/>
<frameRectArray>
<frameRect>{{60,631},{428,335}}</frameRect>
</frameRectArray>
</photoPuzzle>
<photoPuzzle>
<maskPath>mask3.post</maskPath>
<filterPath/>
<backgroundImagePath/>
<backgroundImageInnerFrame/>
<frameRectArray>
<frameRect>{{144,362},{510,296}}</frameRect>
</frameRectArray>
</photoPuzzle>
<photoPuzzle>
<maskPath>mask2.post</maskPath>
<filterPath/>
<backgroundImagePath/>
<backgroundImageInnerFrame/>
<frameRectArray>
<frameRect>{{411,112},{315,274}}</frameRect>
</frameRectArray>
</photoPuzzle>
<photoPuzzle>
<maskPath>mask1.post</maskPath>
<filterPath/>
<backgroundImagePath/>
<backgroundImageInnerFrame/>
<frameRectArray>
<frameRect>{{114,0},{557,242}}</frameRect>
</frameRectArray>
</photoPuzzle>
</photoPuzzlePieces>
<imagePuzzlePieces>
<imagePuzzle>
<type>0</type>
<imagePath>img1.post</imagePath>
<weatherColor/>
<frameRectArray>
<frameRect>{{0,183},{800,713}}</frameRect>
</frameRectArray>
</imagePuzzle>
</imagePuzzlePieces>
<textPuzzlePieces/>
</puzzle>
