<?xml version="1.0" encoding="utf-8"?>
<puzzle>
<resId>200230046</resId>
<version>1</version>
<name>番茄B5-3</name>
<iconPath>thumbnail.post</iconPath>
<width>800</width>
<height>1200</height>
<photoAmount>3</photoAmount>
<formatAmount>1</formatAmount>
<backgroundColor>#fff5ecFF</backgroundColor>
<backgroundImagePath/>
<backgroundTile/>
<photoPuzzlePieces>
<photoPuzzle>
<maskPath/>
<filterPath/>
<backgroundImagePath>block_bg2.post</backgroundImagePath>
<backgroundImageInnerFrame>{{-10,-9},{745,460}}</backgroundImageInnerFrame>
<frameRectArray>
<frameRect>{{37,526},{723,442}}</frameRect>
</frameRectArray>
</photoPuzzle>
<photoPuzzle>
<maskPath/>
<filterPath/>
<backgroundImagePath>block_bg1.post</backgroundImagePath>
<backgroundImageInnerFrame>{{-10,-10},{535,493}}</backgroundImageInnerFrame>
<frameRectArray>
<frameRect>{{37,44},{516,477}}</frameRect>
</frameRectArray>
</photoPuzzle>
<photoPuzzle>
<maskPath>mask.post</maskPath>
<filterPath/>
<backgroundImagePath>block_bg3.post</backgroundImagePath>
<backgroundImageInnerFrame>{{-10,-9},{341,292}}</backgroundImageInnerFrame>
<frameRectArray>
<frameRect>{{457,324},{322,274}}</frameRect>
</frameRectArray>
</photoPuzzle>
</photoPuzzlePieces>
<imagePuzzlePieces>
<imagePuzzle>
<type>0</type>
<imagePath>img1.post</imagePath>
<weatherColor/>
<frameRectArray>
<frameRect>{{0,0},{800,1200}}</frameRect>
</frameRectArray>
</imagePuzzle>
</imagePuzzlePieces>
<textPuzzlePieces>
<textPuzzle>
<type>0</type>
<text>TRAVELLING</text>
<format/>
<language/>
<align>1</align>
<caseString>0</caseString>
<editable>true</editable>
<font>TimesNewRomanPSMT</font>
<maximumFontSize>96.000000</maximumFontSize>
<minimumFontSize>80.000000</minimumFontSize>
<color>#4f341bFF</color>
<isShadow>false</isShadow>
<shadowOffset/>
<shadowColor/>
<maxCount>20</maxCount>
<frameRectArray>
<frameRect>{{37,996},{734,99}}</frameRect>
</frameRectArray>
</textPuzzle>
<textPuzzle>
<type>1</type>
<text>{@}</text>
<format>yyyy.MM.dd</format>
<language>en_US</language>
<align>1</align>
<caseString>1</caseString>
<editable>true</editable>
<font>TimesNewRomanPSMT</font>
<maximumFontSize>26.000000</maximumFontSize>
<minimumFontSize>15.000000</minimumFontSize>
<color>#4f341bFF</color>
<isShadow>false</isShadow>
<shadowOffset/>
<shadowColor/>
<maxCount>20</maxCount>
<frameRectArray>
<frameRect>{{291,1113},{177,24}}</frameRect>
</frameRectArray>
</textPuzzle>
<textPuzzle>
<type>2</type>
<text>{@}</text>
<format>c4</format>
<language>en_US</language>
<align>1</align>
<caseString>1</caseString>
<editable>true</editable>
<font>TimesNewRomanPSMT</font>
<maximumFontSize>26.000000</maximumFontSize>
<minimumFontSize>13.000000</minimumFontSize>
<color>#4f341bFF</color>
<isShadow>false</isShadow>
<shadowOffset/>
<shadowColor/>
<maxCount>20</maxCount>
<frameRectArray>
<frameRect>{{483,1113},{169,24}}</frameRect>
</frameRectArray>
</textPuzzle>
</textPuzzlePieces>
</puzzle>
