<?xml version="1.0" encoding="utf-8"?>
<puzzle>
<resId>200250027</resId>
<version>1</version>
<name>宁宁B3-5</name>
<iconPath>thumbnail.post</iconPath>
<width>800</width>
<height>1200</height>
<photoAmount>5</photoAmount>
<formatAmount>1</formatAmount>
<backgroundColor/>
<backgroundImagePath>bg.post</backgroundImagePath>
<backgroundTile>false</backgroundTile>
<photoPuzzlePieces>
<photoPuzzle>
<maskPath>mask1.post</maskPath>
<filterPath/>
<backgroundImagePath>block_bg1.post</backgroundImagePath>
<backgroundImageInnerFrame>{{-11,-14},{473,591}}</backgroundImageInnerFrame>
<frameRectArray>
<frameRect>{{338,34},{420,546}}</frameRect>
</frameRectArray>
</photoPuzzle>
<photoPuzzle>
<maskPath>mask2.post</maskPath>
<filterPath/>
<backgroundImagePath>block_bg2.post</backgroundImagePath>
<backgroundImageInnerFrame>{{-20,-11},{360,393}}</backgroundImageInnerFrame>
<frameRectArray>
<frameRect>{{39,153},{324,366}}</frameRect>
</frameRectArray>
</photoPuzzle>
<photoPuzzle>
<maskPath>mask3.post</maskPath>
<filterPath/>
<backgroundImagePath>block_bg3.post</backgroundImagePath>
<backgroundImageInnerFrame>{{-9,-14},{333,362}}</backgroundImageInnerFrame>
<frameRectArray>
<frameRect>{{48,530},{308,334}}</frameRect>
</frameRectArray>
</photoPuzzle>
<photoPuzzle>
<maskPath>mask4.post</maskPath>
<filterPath/>
<backgroundImagePath>block_bg4.post</backgroundImagePath>
<backgroundImageInnerFrame>{{-19,-14},{489,459}}</backgroundImageInnerFrame>
<frameRectArray>
<frameRect>{{288,584},{458,427}}</frameRect>
</frameRectArray>
</photoPuzzle>
<photoPuzzle>
<maskPath>mask5.post</maskPath>
<filterPath/>
<backgroundImagePath>block_bg5.post</backgroundImagePath>
<backgroundImageInnerFrame>{{-12,-16},{294,331}}</backgroundImageInnerFrame>
<frameRectArray>
<frameRect>{{491,861},{269,300}}</frameRect>
</frameRectArray>
</photoPuzzle>
</photoPuzzlePieces>
<imagePuzzlePieces>
<imagePuzzle>
<type>0</type>
<imagePath>img1.post</imagePath>
<weatherColor/>
<frameRectArray>
<frameRect>{{0,77},{800,620}}</frameRect>
</frameRectArray>
</imagePuzzle>
</imagePuzzlePieces>
<textPuzzlePieces/>
</puzzle>
