<?xml version="1.0" encoding="utf-8"?>
<puzzle>
<resId>200110027</resId>
<version>1</version>
<name>林恬3-1</name>
<iconPath>thumbnail.post</iconPath>
<width>800</width>
<height>1200</height>
<photoAmount>1</photoAmount>
<formatAmount>1</formatAmount>
<backgroundColor>#fffaf5FF</backgroundColor>
<backgroundImagePath/>
<backgroundTile/>
<photoPuzzlePieces>
<photoPuzzle>
<maskPath>mask1.post</maskPath>
<filterPath/>
<backgroundImagePath/>
<backgroundImageInnerFrame/>
<frameRectArray>
<frameRect>{{0,0},{800,1200}}</frameRect>
</frameRectArray>
</photoPuzzle>
</photoPuzzlePieces>
<imagePuzzlePieces>
<imagePuzzle>
<type>0</type>
<imagePath>img1.post</imagePath>
<weatherColor/>
<frameRectArray>
<frameRect>{{0,0},{521,141}}</frameRect>
</frameRectArray>
</imagePuzzle>
<imagePuzzle>
<type>0</type>
<imagePath>img2.post</imagePath>
<weatherColor/>
<frameRectArray>
<frameRect>{{314,1049},{469,50}}</frameRect>
</frameRectArray>
</imagePuzzle>
<imagePuzzle>
<type>0</type>
<imagePath>img3.post</imagePath>
<weatherColor/>
<frameRectArray>
<frameRect>{{0,0},{800,1200}}</frameRect>
</frameRectArray>
</imagePuzzle>
<imagePuzzle>
<type>1</type>
<imagePath/>
<weatherColor>#ee7032FF</weatherColor>
<frameRectArray>
<frameRect>{{715,1099},{76,76}}</frameRect>
</frameRectArray>
</imagePuzzle>
<imagePuzzle>
<type>0</type>
<imagePath>img4.post</imagePath>
<weatherColor/>
<frameRectArray>
<frameRect>{{682,1150},{35,30}}</frameRect>
</frameRectArray>
</imagePuzzle>
</imagePuzzlePieces>
<textPuzzlePieces>
<textPuzzle>
<type>1</type>
<text>{@}</text>
<format>EEEE</format>
<language>en_US</language>
<align>2</align>
<caseString>1</caseString>
<editable>true</editable>
<font>Avenir-Black</font>
<maximumFontSize>32.000000</maximumFontSize>
<minimumFontSize>32.000000</minimumFontSize>
<color>#ee7032FF</color>
<isShadow>false</isShadow>
<shadowOffset/>
<shadowColor/>
<maxCount>9</maxCount>
<frameRectArray>
<frameRect>{{474,1110},{241,38}}</frameRect>
</frameRectArray>
</textPuzzle>
<textPuzzle>
<type>4</type>
<text>{@}</text>
<format/>
<language/>
<align>2</align>
<caseString>0</caseString>
<editable>false</editable>
<font>Avenir-Black</font>
<maximumFontSize>32.000000</maximumFontSize>
<minimumFontSize>32.000000</minimumFontSize>
<color>#ee7032FF</color>
<isShadow>false</isShadow>
<shadowOffset/>
<shadowColor/>
<maxCount>0</maxCount>
<frameRectArray>
<frameRect>{{585,1146},{97,30}}</frameRect>
</frameRectArray>
</textPuzzle>
</textPuzzlePieces>
</puzzle>
