<?xml version="1.0" encoding="utf-8"?>
<puzzle>
<resId>200210005</resId>
<version>1</version>
<name>mago0-1</name>
<iconPath>thumbnail.post</iconPath>
<width>800</width>
<height>1200</height>
<photoAmount>1</photoAmount>
<formatAmount>1</formatAmount>
<backgroundColor>#ffffffFF</backgroundColor>
<backgroundImagePath/>
<backgroundTile/>
<photoPuzzlePieces>
<photoPuzzle>
<maskPath/>
<filterPath>100025.FilterOnline</filterPath>
<backgroundImagePath/>
<backgroundImageInnerFrame/>
<frameRectArray>
<frameRect>{{35,146},{731,1013}}</frameRect>
</frameRectArray>
</photoPuzzle>
</photoPuzzlePieces>
<imagePuzzlePieces>
<imagePuzzle>
<type>0</type>
<imagePath>img1.post</imagePath>
<weatherColor/>
<frameRectArray>
<frameRect>{{0,-12},{800,1200}}</frameRect>
</frameRectArray>
</imagePuzzle>
</imagePuzzlePieces>
<textPuzzlePieces>
<textPuzzle>
<type>0</type>
<text>DECORATION</text>
<format/>
<language/>
<align>0</align>
<caseString>0</caseString>
<editable>true</editable>
<font>Avenir-Black</font>
<maximumFontSize>80.000000</maximumFontSize>
<minimumFontSize>50.000000</minimumFontSize>
<color>#000000FF</color>
<isShadow>false</isShadow>
<shadowOffset/>
<shadowColor/>
<maxCount>14</maxCount>
<frameRectArray>
<frameRect>{{37,35},{585,103}}</frameRect>
</frameRectArray>
</textPuzzle>
<textPuzzle>
<type>0</type>
<text>Helsinki</text>
<format/>
<language/>
<align>0</align>
<caseString>0</caseString>
<editable>true</editable>
<font>Verdana</font>
<maximumFontSize>86.000000</maximumFontSize>
<minimumFontSize>50.000000</minimumFontSize>
<color>#ffffffFF</color>
<isShadow>false</isShadow>
<shadowOffset/>
<shadowColor/>
<maxCount>20</maxCount>
<frameRectArray>
<frameRect>{{52,994},{602,95}}</frameRect>
</frameRectArray>
</textPuzzle>
<textPuzzle>
<type>4</type>
<text>{@}℃</text>
<format/>
<language/>
<align>0</align>
<caseString>0</caseString>
<editable>false</editable>
<font>Verdana</font>
<maximumFontSize>48.000000</maximumFontSize>
<minimumFontSize>35.000000</minimumFontSize>
<color>#ffffffFF</color>
<isShadow>false</isShadow>
<shadowOffset/>
<shadowColor/>
<maxCount>0</maxCount>
<frameRectArray>
<frameRect>{{52,1096},{113,55}}</frameRect>
</frameRectArray>
</textPuzzle>
<textPuzzle>
<type>3</type>
<text>{@}</text>
<format/>
<language>en_US</language>
<align>0</align>
<caseString>1</caseString>
<editable>false</editable>
<font>Verdana</font>
<maximumFontSize>48.000000</maximumFontSize>
<minimumFontSize>35.000000</minimumFontSize>
<color>#ffffffFF</color>
<isShadow>false</isShadow>
<shadowOffset/>
<shadowColor/>
<maxCount>0</maxCount>
<frameRectArray>
<frameRect>{{180,1096},{476,55}}</frameRect>
</frameRectArray>
</textPuzzle>
</textPuzzlePieces>
</puzzle>
