<?xml version="1.0" encoding="utf-8"?>
<puzzle>
<resId>200120016</resId>
<version>1</version>
<name>帅4-2</name>
<iconPath>thumbnail.post</iconPath>
<width>800</width>
<height>1200</height>
<photoAmount>2</photoAmount>
<formatAmount>1</formatAmount>
<backgroundColor>#ffffffFF</backgroundColor>
<backgroundImagePath/>
<backgroundTile/>
<photoPuzzlePieces>
<photoPuzzle>
<maskPath>mask2.post</maskPath>
<filterPath/>
<backgroundImagePath/>
<backgroundImageInnerFrame/>
<frameRectArray>
<frameRect>{{0,525},{800,675}}</frameRect>
</frameRectArray>
</photoPuzzle>
<photoPuzzle>
<maskPath>mask1.post</maskPath>
<filterPath/>
<backgroundImagePath/>
<backgroundImageInnerFrame/>
<frameRectArray>
<frameRect>{{0,0},{800,669}}</frameRect>
</frameRectArray>
</photoPuzzle>
</photoPuzzlePieces>
<imagePuzzlePieces>
<imagePuzzle>
<type>0</type>
<imagePath>img1.post</imagePath>
<weatherColor/>
<frameRectArray>
<frameRect>{{0,0},{800,1200}}</frameRect>
</frameRectArray>
</imagePuzzle>
</imagePuzzlePieces>
<textPuzzlePieces>
<textPuzzle>
<type>0</type>
<text>ART</text>
<format/>
<language/>
<align>1</align>
<caseString>0</caseString>
<editable>true</editable>
<font>Avenir-Black</font>
<maximumFontSize>100.000000</maximumFontSize>
<minimumFontSize>100.000000</minimumFontSize>
<color>#ffffffFF</color>
<isShadow>false</isShadow>
<shadowOffset/>
<shadowColor/>
<maxCount>3</maxCount>
<frameRectArray>
<frameRect>{{536,977},{260,106}}</frameRect>
</frameRectArray>
</textPuzzle>
<textPuzzle>
<type>0</type>
<text>You can do it too!</text>
<format/>
<language/>
<align>0</align>
<caseString>0</caseString>
<editable>true</editable>
<font>Verdana</font>
<maximumFontSize>36.000000</maximumFontSize>
<minimumFontSize>36.000000</minimumFontSize>
<color>#88888aFF</color>
<isShadow>false</isShadow>
<shadowOffset/>
<shadowColor/>
<maxCount>22</maxCount>
<frameRectArray>
<frameRect>{{20,1103},{479,52}}</frameRect>
</frameRectArray>
</textPuzzle>
</textPuzzlePieces>
</puzzle>
